repository_name,all_effective_getters,get_prefixed_getters,record_format_getters
elasticsearch,12170,7353,3727
RxJava,134,22,39
retrofit,61,8,40
MPAndroidChart,335,271,0
lottie-android,222,197,5
glide,166,128,25
dbeaver,6256,5318,185
AndroidUtilCode,101,89,5
selenium,479,370,54
nacos,1246,1110,46
butterknife,22,12,6
fastjson,5928,5736,13
EventBus,19,15,1
Signal-Android,2208,1922,90
Hystrix,377,263,49
gson,52,31,8
redisson,1389,1220,25
Sentinel,746,713,3
bazel,3978,3127,573
RxAndroid,2,0,0
rocketmq,2856,2556,32
shardingsphere,111,88,8
fresco,475,410,2
Android-Universal-Image-Loader,40,31,3
tinker,107,84,12
openapi-generator,15633,15283,183
keycloak,5295,4706,95
APIJSON,143,131,2
Android-CleanArchitecture,25,23,1
material-components-android,773,652,14
Algorithms,66,23,18
QMUI_Android,279,230,2
thingsboard,489,444,11
logger,0,0,0
logstash,277,198,48
Android-PickerView,26,24,1
tink,310,261,10
AndroidAutoSize,34,22,12
deeplearning4j,1011,650,191
zuul,173,128,28
stetho,67,43,2
Matisse,12,10,0
piggymetrics,54,54,0
AndroidSwipeLayout,9,7,0
AndroidViewAnimations,2,2,0
guice,302,239,26
eureka,213,190,10
DSA-Bootcamp-Java,7,3,3
VasSonic,14,10,1
questdb,1891,1701,46
mit-deep-learning-book-pdf,0,0,0
onedev,1944,1753,39
androidannotations,133,118,11
SlidingMenu,11,10,0
dex2jar,56,47,2
vlayout,64,54,1
android-async-http,28,23,2
MVPArms,44,28,5
jsoup,89,18,51
cas,82,73,1
android-interview-questions,0,0,0
Java-WebSocket,56,47,0
Android-ObservableScrollView,8,8,0
android-Ultra-Pull-To-Refresh,33,30,0
OpenRefine,345,315,1
AndroidSlidingUpPanel,14,12,0
MagicIndicator,88,77,0
Activiti,2343,2119,43
android-gif-drawable,22,19,0
JsBridge,8,7,0
jjwt,76,57,1
AndroidNote,0,0,0
testing-samples,6,5,0
VirtualAPK,18,15,1
resilience4j,397,349,6
android-gpuimage,29,23,3
CalendarView,74,66,5
languagetool,897,750,42
Android_Data,0,0,0
buck,2667,2340,126
quickstart-android,20,20,0
Android-SpinKit,19,19,0
doris,3936,3407,275
AndResGuard,31,28,0
Signal-Server,461,398,24
Android-Debug-Database,1,0,0
shenyu,2295,2226,7
checkstyle,381,339,4
metrics,47,42,2
UltimateAndroidReference,0,0,0
aws-doc-sdk-examples,317,316,0
cachecloud,325,309,10
AndroidPdfViewer,40,27,0
RxJava-Android-Samples,0,0,0
vjtools,96,77,13
Paper,13,9,1
hellocharts-android,154,120,33
AndroidAsync,183,144,18
android-classyshark,60,54,1
dagger,9,2,0
Android-Bootstrap,57,30,0
ShortcutBadger,0,0,0
sweet-alert-dialog,17,14,0
UltimateRecyclerView,61,49,2
algs4,133,4,70
swagger-core,746,731,1
jmeter,785,647,21
XPopup,22,19,0
OpenSearch,6994,4178,2248
beam,2159,1814,167
closure-compiler,647,498,54
react-native-svg,26,20,0
angel,1314,1247,26
javacv,215,198,1
react-native-push-notification,9,9,0
AndPermission,7,6,1
SDE-Interview-Questions,0,0,0
graylog2-server,992,685,164
AndroidPerformanceMonitor,2,1,0
aeron,1002,13,908
flowable-engine,8891,8026,136
haven,5,1,1
RoundedImageView,17,14,0
android-floating-action-button,9,7,0
processing,303,222,22
ion,42,35,5
Android-Image-Cropper,31,24,0
alluxio,2071,1852,1
Android-skin-support,77,59,3
async-http-client,273,220,9
zeppelin,1112,1050,20
richeditor-android,1,1,0
EffectiveAndroidUI,13,11,0
jsonschema2pojo,201,84,2
AndroidPicker,188,136,33
androidmvp,1,1,0
j2objc,3084,2277,343
blade,84,19,53
junit5,243,205,15
InfiniteCycleViewPager,20,17,0
DiscreteScrollView,20,19,0
AndroidProject,92,81,0
Aegis,136,121,0
AndroidImageSlider,22,18,0
Fast-Android-Networking,45,33,8
useful-java-links,61,61,0
react-native-splash-screen,1,1,0
zxing-android-embedded,69,55,0
android-job,26,16,0
hazelcast,5606,4248,760
XRecyclerView,8,8,0
gradle-retrolambda,0,0,0
MagicCamera,25,20,0
android-advancedrecyclerview,120,95,0
Android-ZBLibrary,59,55,1
android-lifecycle,0,0,0
vavr,97,16,62
drools,8345,7619,141
Side-Menu.Android,3,3,0
AndroidVideoCache,3,1,0
HMCL,1176,889,42
shimmer-android,2,1,0
socket.io-client-java,12,1,3
seatunnel,661,589,33
lettuce-core,475,343,56
android-zxingLibrary,15,13,0
RxJava2-Android-Samples,2,0,1
FastBle,40,36,1
okdownload,136,101,8
joda-time,206,163,0
folding-cell-android,12,11,0
api-samples,0,0,0
camel,16043,13813,123
lucida,142,135,4
AndroidStaggeredGrid,9,9,0
ActiveAndroid,12,12,0
mapdb,22,17,2
sofa-boot,374,327,2
javaparser,797,693,42
android-tips-tricks,0,0,0
spring-security-oauth,333,287,14
web3j,899,672,7
CameraView,160,135,17
SwitchButton,14,12,0
linuxdeploy,6,6,0
starrocks,4087,3587,252
cglib,81,74,1
orientdb,2636,2248,52
android-crop,4,2,1
quasar,217,160,17
FirebaseUI-Android,91,84,0
bilibili-android-client,1070,1053,3
SmoothProgressBar,10,7,0
android-times-square,19,10,9
android-mvp-architecture,80,70,1
Android-IMSI-Catcher-Detector,13,12,0
JSqlParser,674,548,15
XUI,518,454,7
GT,229,191,15
BottomNavigation,21,16,0
Robust,10,9,1
BGARefreshLayout-Android,6,5,0
coursera-android,32,27,0
armeria,1556,242,1096
picocli,273,67,180
java-algorithms-implementation,103,81,18
lwjgl3,441,435,2
hudi,953,821,53
AndroidHttpCapture,181,167,9
tx-lcn,19,17,0
objectbox-java,127,103,3
simplify,135,123,5
mockserver,452,416,13
PojavLauncher,72,61,1
BGABanner-Android,8,8,0
OpenHub,474,436,8
javacpp,60,5,54
Tangram-Android,80,74,1
AndroidTutorialForBeginners,1,0,0
Gadgetbridge,742,654,24
usb-serial-for-android,24,24,0
spring-cloud-gateway,282,247,4
sodium-fabric,149,116,10
frontend-maven-plugin,25,11,0
MusicBot,40,38,0
TwinklingRefreshLayout,24,20,1
failsafe,86,76,2
BigImageViewer,7,6,0
android-iconify,16,6,9
oshi,639,628,0
malmo,74,42,22
opengrok,515,438,8
jitsi,1414,1213,87
SmartCropper,1,1,0
keepass2android,392,333,7
Ant-Media-Server,1123,965,10
spruce-android,11,10,0
OsmAnd,4163,3658,50
andOTP,29,24,2
crate,4271,1210,2645
ASimpleCache,2,2,0
library,2,2,0
XChange,7225,7013,32
blurkit-android,8,8,0
ChatKit,119,112,3
rejoiner,3,3,0
android-stackblur,2,1,0
DSBridge-Android,0,0,0
Skeleton,4,4,0
jetty.project,2551,2146,22
Play-with-Algorithms,136,0,2
retrolambda,8,7,0
MagicaSakura,0,0,0
FlexibleAdapter,90,74,1
groupie,23,21,1
light-4j,829,652,24
serve,323,310,1
data-transfer-project,470,451,11
android-maps-utils,87,81,0
kestra,22,16,1
android,299,248,1
android-priority-jobqueue,131,112,4
AlgoDS,17,10,3
Android-Week-View,56,49,0
AndServer,110,85,14
Android,18,17,1
spock,268,239,9
logisim-evolution,930,814,25
ipscan,41,28,1
camunda-bpm-platform,5654,5047,161
megabasterd,262,209,0
DDComponentForAndroid,15,15,0
GDA-android-reversing-Tool,0,0,0
android-hidden-api,1,1,0
Android-BluetoothKit,29,24,2
immutables,183,63,76
leetcode-editor,170,150,5
RxAndroidBle,126,114,4
allure2,83,68,3
LeafPic,78,68,3
ffmpeg-android-java,3,1,0
tablesaw,258,92,106
android-saripaar,14,11,0
incubator-streampark,121,117,2
LoganSquare,21,19,0
jvm-tools,126,46,47
cobar,829,736,18
TextDrawable,5,5,0
StickerCamera,81,73,0
VideoPlayerManager,16,12,0
brigadier,80,76,0
PRDownloader,42,33,5
openj9,1780,1510,95
logging-log4j2,1190,955,39
android-mvp-mvvm-flytour,33,29,1
linkis,2157,2105,30
Digital,724,627,36
optaplanner,2444,2261,60
TableView,72,62,0
hertzbeat,115,100,3
android,109,92,0
jabref,1233,604,243
Carbon,470,433,0
AndroidChromium,996,766,0
jwt-spring-security-demo,18,16,0
react-native-fbsdk,2,2,0
MultiImageSelector,2,1,0
CompreFace,7,7,0
Bastillion,77,76,0
AndroidTVLauncher,18,17,0
yacy_search_server,561,378,82
AndroidTreeView,14,9,0
google-services,0,0,0
zotfile,0,0,0
akhq,17,13,2
android-pathview,2,2,0
Android-Terminal-Emulator,68,57,2
ByteX,167,116,18
android-mvvm-architecture,65,62,0
Android-Skin-Loader,10,10,0
jitwatch,267,232,12
AndroidResideMenu,9,6,1
AarogyaSetu_Android,29,25,4
android-flip,55,48,0
binnavi,1408,1247,31
mlkit,31,30,0
ActivityRouter,14,12,2
xLog,4,3,0
unidbg,620,151,440
awesome-android-complete-reference,0,0,0
VasDolly,2,2,0
ExpectAnim,24,19,4
spring-data-elasticsearch,1199,1152,13
Android-Animation-Set,4,4,0
EFAK,356,342,4
WorldEdit,523,440,11
shattered-pixel-dungeon,87,6,57
AndroidProcess,1,1,0
AppManager,575,461,15
android-beacon-library,100,86,0
OpenPDF,774,610,27
GuillotineMenu-Android,0,0,0
GraphView,44,32,0
AlgorithmsSedgewick,90,3,46
material-intro-screen,15,12,2
ArchUnit,362,270,21
android-betterpickers,24,22,0
jOOR,10,5,3
logback,573,468,4
PatternLockView,23,16,0
500px-android-blur,0,0,0
ANR-WatchDog,1,1,0
Awesome-WanAndroid,118,106,4
android-signaturepad,4,3,0
CainCamera,192,167,1
mp4parser,704,648,25
paho.mqtt.android,60,51,2
android_design_patterns_analysis,4,4,0
elasticsearch-analysis-pinyin,3,2,0
android-database-sqlcipher,29,27,0
BGABadgeView-Android,12,7,0
android-open-source-project-analysis,7,6,0
signal-cli,210,197,1
joda-time-android,0,0,0
DataSphereStudio,1619,1608,1
ProgressManager,7,6,0
truth,25,8,11
react-native-sqlite-storage,4,4,0
android-developer-roadmap,0,0,0
FabulousFilter,11,11,0
MasteringAndroidDataBinding,7,7,0
AndroidCamera,143,137,5
keywhiz,106,101,0
nutch,365,340,4
java-string-similarity,2,2,0
Chronicle-Map,221,41,127
DiagonalLayout,6,5,0
Inspeckage,8,7,0
storio,294,175,111
paper-onboarding-android,7,7,0
pdfsam,112,42,48
phimpme-android,220,179,2
thymeleaf,966,883,9
agrona,149,13,123
stickers,3,3,0
dynamic-tp,53,41,6
AndroidGodEye,78,26,21
ReactiveNetwork,19,0,19
WheelPicker,32,26,6
lbry-android,4,3,0
loaderviewlibrary,0,0,0
Android-ItemTouchHelper-Demo,0,0,0
AndroidPhotoFilters,3,3,0
AndroidTagGroup,0,0,0
Album,43,38,3
android-pulltorefresh,0,0,0
RxRelay,3,0,1
syncthing-android,13,10,0
AppAuth-Android,30,29,0
FlatLaf,130,71,0
classgraph,114,103,5
cruise-control,612,48,0
cyberduck,4655,3852,31
tape,3,0,1
android-priority-jobqueue,54,45,2
zalenium,107,99,2
Android-BLE,71,58,3
RxCache,47,30,10
spring-batch,647,574,16
android-chat,303,249,19
cardslider-android,7,7,0
RangeSeekBar,55,51,2
android-samples,7,7,0
EasyTransaction,176,170,0
Smack,1278,1149,18
Android-AdvancedWebView,1,1,0
Genius-Android,81,64,2
GestureViews,62,53,7
BGASwipeBackLayout-Android,7,4,0
incubator-hugegraph,475,15,367
sofa-bolt,160,134,11
sshj,218,198,4
metadata-extractor,86,82,0
rest.li,1807,1524,5
webdrivermanager,60,49,8
logstash-logback-encoder,148,125,0
bt,486,386,38
BottomSheet,14,14,0
NettyRpc,18,18,0
White-Jotter,4,4,0
BGAPhotoPicker-Android,24,14,0
Android-Studio-Plugins,0,0,0
android-inapp-billing-v3,1,1,0
eclipse-collections,332,239,37
jvm-sandbox-repeater,292,266,1
Hijacker,11,5,4
kafka-streams-examples,28,20,4
android-sqlite-asset-helper,0,0,0
Algorithms,121,20,61
android-parcelable-intellij-plugin,13,11,0
curator,3,3,0
gobblin,661,507,48
webcam-capture,134,106,2
ethereumj,687,617,24
Android-Cheat-sheet,87,51,33
PlaceHolderView,105,95,0
Android-ReactiveLocation,9,6,0
RetrofitUrlManager,10,8,1
philm,136,117,0
UltimateAndroid,1935,1670,48
ImageEditor-Android,24,23,0
santa-tracker-android,79,55,9
AnyChart-Android,8,8,0
rootbeer,0,0,0
firebase-android-sdk,1093,931,62
find-sec-bugs,94,78,1
amidst,302,268,21
expandable-recycler-view,9,8,1
speedment,1133,622,318
squirrel,105,75,23
android-ui-animation-components-and-libraries,0,0,0
JavaHamcrest,18,9,0
dinky,519,478,7
Chat2DB,46,31,15
IndicatorSeekBar,9,9,0
expanding-collection-android,27,27,0
android-flowlayout,26,21,0
rtmp-rtsp-stream-client-java,136,104,2
android-about-page,10,10,0
proguard,99,62,31
pslab-android,124,121,1
Create,511,442,14
algorithms-sedgewick-wayne,391,44,243
AndroidFillableLoaders,0,0,0
commonmark-java,100,88,5
jOOL,306,12,280
hypersistence-utils,2100,2041,12
ExpansionPanel,5,2,0
snowflake,261,226,0
android-demos,46,40,3
dns66,3,3,0
Play-with-Data-Structures,140,118,22
java-sec-code,3,3,0
intellij-plugins,1667,1434,25
airsonic,656,537,50
socket.io-android-chat,4,4,0
android-testing-templates,0,0,0
limbo,53,47,0
UniversalMediaServer,875,761,23
kafka-monitor,22,0,0
phonegap-plugin-push,0,0,0
lancet,23,19,2
KJFrameForAndroid,79,72,1
StarWars.Android,5,4,0
SpringView,34,30,1
poli,103,101,2
autopsy,1933,1704,34
servicecomb-pack,410,308,57
ambari,4048,3723,65
AndroRAT,0,0,0
docx4j,9984,9245,503
ninja,185,177,4
CacheWebView,1,1,0
elasticsearch-hadoop,250,170,40
binding-collection-adapter,2,0,2
android-backup-extractor,0,0,0
QRCodeReaderView,6,6,0
circle-menu-android,11,11,0
spring-cloud-config,302,253,4
android-segmented-control,3,3,0
Hyperion-Android,45,36,2
Android-Boilerplate,9,3,0
soter,71,65,1
Parse-SDK-Android,89,53,29
DatePicker,5,5,0
liteflow,321,301,2
esProc,1353,1155,95
servicecomb-java-chassis,1590,1457,32
p6spy,37,35,0
garland-view-android,7,6,0
manifold,421,367,1
FrescoImageViewer,3,3,0
remote-desktop-clients,270,228,6
xabber-android,768,642,24
flyingsaucer,728,613,1
t-digest,14,3,5
open_nsfw_android,1,1,0
firebase-jobdispatcher-android,49,39,1
AndroidProcesses,0,0,0
Glowstone,164,118,29
AndroidCustomView,26,25,1
java-8-lambdas-exercises,14,13,0
open-event-organizer-android,254,242,0
react-native-template-typescript,0,0,0
jdbi,483,428,21
AndroidScrollingImageView,0,0,0
ureport,519,472,2
ScreenRecorder,1,1,0
welcome-android,37,35,1
react-native-date-picker,5,5,0
kilim,32,21,7
copybara,616,509,44
codelibrary,1,0,0
spydroid-ipcamera,45,40,0
HaE,9,9,0
docker-maven-plugin,327,284,4
dependency-track,682,653,7
bookkeeper,840,674,89
material-intro,22,18,1
AsciidocFX,200,107,2
androrat,140,127,2
CatServer,1935,1601,81
Android-InfiniteCards,0,0,0
react-native-fcm,1,1,0
Android-Plugin-Framework,114,100,4
tika,1131,983,20
android-examples,43,39,2
sms-backup-plus,17,15,0
zip4j,159,138,4
H-Viewer,60,55,3
screenshot-tests-for-android,18,18,0
exchange-core,8,7,0
Gaffer,900,815,13
LeetCode-Sol-Res,8,0,1
AndroidAnimationExercise,137,117,6
hapi-fhir,2653,2342,0
i2p.i2p,1799,1600,19
neurolab-android,144,135,0
sonarqube-community-branch-plugin,235,209,18
AndroidStudy,42,34,3
cpbook-code,17,0,0
AndroidTagView,48,44,0
jobrunr,273,243,7
SectionedRecyclerViewAdapter,40,27,2
Peergos,175,130,24
sidekick,84,75,0
openhtmltopdf,619,510,2
spring-security-react-ant-design-polls-app,79,78,0
AnExplorer,129,113,6
ArcLayout,6,5,0
EasyReport,290,209,10
jts,662,522,103
simplenote-android,30,26,1
ExpandableLayout,7,5,2
greedo-layout-for-android,5,4,0
Just-Another-Android-App,11,8,0
Essentials,482,351,67
TwelveMonkeys,228,171,33
Discord4J,588,552,15
syncany,387,325,7
Universal-G-Code-Sender,888,790,36
android-parallax-recyclerview,7,6,0
Jailer,350,295,14
Android-BLE-Library,159,132,1
jgit-cookbook,0,0,0
rapidoid,325,57,228
GridPasswordView,0,0,0
CustomShapeImageView,4,4,0
JASONETTE-Android,5,5,0
3dTagCloudAndroid,5,5,0
spring-microservices,40,40,0
CosmoCalendar,60,50,1
Lightweight-Stream-API,26,13,13
Android_CN_OAID,9,0,0
modeldb,520,511,2
fastutil,7,0,6
Android-Download-Manager-Pro,2,1,0
spring-data-redis,637,510,46
AndroidAudioRecorder,0,0,0
chat-sdk-android,415,354,28
ormlite-android,13,8,1
java-docs-samples,258,218,40
json-schema-validator,23,22,0
Android-MvvmComponent-App,1042,936,1
Algorithm-Guide,0,0,0
jooby,376,293,28
freeplane,781,664,56
RxAndroidAudio,2,1,0
android-weak-handler,0,0,0
jnativehook,25,25,0
MaterialAbout,44,39,0
itext7,1325,1116,74
PiracyChecker,11,11,0
spring-data-mongodb,544,464,14
spoon,537,453,19
google-authenticator-android,37,27,0
flow-core-x,20,12,3
AndroidWM,27,27,0
blobsaver,3,1,0
googleads-mobile-android-examples,6,5,1
BurpBounty,65,65,0
autobahn-java,32,29,0
uaa,873,755,23
react-native-geolocation-service,10,7,0
retrofit-spring-boot-starter,8,1,6
aima-java,429,384,9
bubbles-for-android,6,3,0
StateProgressBar,35,31,2
ns-usbloader,70,65,0
devops-master-class,19,19,0
itextpdf,1221,1009,53
android-lite-orm,31,29,1
Swipeable-Cards,14,13,1
logbook,93,69,0
AndroidAll,52,45,2
libretorrent,182,123,9
seldon-server,530,497,1
mojito,227,181,11
Mycat2,1315,880,74
android-edittext-validator,11,10,0
QuickReturn,46,40,1
TileView,19,19,0
Virtualview-Android,125,123,1
burpgpt,0,0,0
jellyfin-androidtv,82,68,3
java,48,17,10
siddhi,848,775,24
ha-bridge,592,529,1
gatk,1337,1145,88
mysql_perf_analyzer,403,366,0
PojavLauncher_iOS,59,50,1
beautyeye,141,128,0
AndroidTensorFlowMachineLearningExample,3,3,0
CountryCodePickerProject,44,34,0
riot-android,67,61,0
androidWheelView,1,1,0
galen,505,480,2
SchemaCrawler,378,296,38
java-concurrency-patterns,18,17,0
android-morphing-button,6,6,0
BungeeCord,22,9,6
tailor,33,28,0
soapui,1463,1273,13
Android-AlertView,0,0,0
loklak_server,146,128,5
openpnp,1758,1514,3
handlebars.java,103,52,38
bitsail,393,345,14
QBox,299,280,3
Brida,47,38,2
Android-AppMsg,8,7,0
openScale,74,65,5
Android-StepsView,6,6,0
Amigo,2,2,0
uber-apk-signer,1,1,0
hawtio,109,100,3
essentials,20,13,4
EasyFlipView,9,5,0
Paginate,13,10,0
aws-serverless-java-container,210,196,4
keystore-explorer,428,316,58
smithy,838,668,101
marquez,41,40,0
Daedalus,19,17,0
forest,920,847,13
Burp-Non-HTTP-Extension,72,62,6
ttorrent,147,126,3
AndroidDeviceNames,0,0,0
FloatWindowPermission,0,0,0
AndroidTraining,238,211,0
SimpleRatingBar,11,7,0
AndroidCharts,7,7,0
SiliCompressor,26,25,1
opentelemetry-java-instrumentation,346,264,45
img2latex-mathpix,7,7,0
android-utils,1,1,0
mastodon-android,58,45,0
dr-elephant,269,262,0
simple-stack,45,37,7
openlauncher,70,67,0
react-native-background-fetch,0,0,0
BlueMap,517,409,10
androrat,254,228,4
proxyee,48,42,5
react-native-background-geolocation,0,0,0
android-flux-todo-app,6,5,0
android-3D-model-viewer,0,0,0
spring-boot-jwt,2,2,0
Android-ActionItemBadge,10,10,0
psi-probe,492,432,0
AndroidAudioConverter,0,0,0
EMV-NFC-Paycard-Enrollment,120,115,0
APIKit,22,22,0
myblog,16,16,0
Quality-Tools-for-Android,0,0,0
TicketView,19,17,0
AndroidNetworkTools,13,11,2
webrtc_android,459,434,13
FancyToast-Android,0,0,0
tracker-control-android,13,6,0
java-game-server,222,213,7
DDMQ,2709,2490,18
Resty,247,228,3
prettytime,30,26,3
c3p0,75,65,0
Hermes,29,25,0
clickhouse-java,402,287,10
recyclerview-playground,0,0,0
parboiled,136,99,27
gradle-profiler,139,120,0
todo.txt-android,58,50,0
JustLive-Android,91,65,2
LandscapeVideoCamera,21,18,1
jbang,53,52,0
rest-client,98,95,0
Starlight,13,11,2
android-demo-app,1,1,0
CircleProgressBar,2,2,0
Applied-Energistics-2,951,765,60
openmrs-core,967,932,5
sceneform-android-sdk,158,138,14
light-novel-library_Wenku8_Android,190,165,6
jbot,428,395,17
spring-boot-react-oauth2-social-login-demo,32,31,0
dart,11,8,0
talon-for-twitter-android,106,96,2
gnucash-android,106,92,0
sa-sdk-android,223,168,9
mycollab,1399,1114,11
MLManager,7,6,0
MinecraftByExample,31,22,0
couchbase-lite-android,1,1,0
NetBare-Android,41,13,12
PCAPdroid,35,26,0
sdrtrunk,1581,1240,2
oracle-db-examples,57,50,6
gradle-docker-plugin,193,190,0
SecurityShepherd,0,0,0
mobius,16,11,0
conscrypt,133,110,8
shiro-redis,54,54,0
Mixin,349,269,19
KCenter,421,396,5
capsule,7,5,0
high-performance-java-persistence,2912,2873,6
Botania,259,235,3
elephant-bird,71,68,1
mp3agic,103,84,2
Neo-Launcher,295,254,1
intellij-swagger,15,14,0
freeotp-android,17,15,0
caja,302,243,12
Taier,3892,3827,16
android-gesture-detectors,3,2,0
BoostMultiDex,2,2,0
android-templates-and-utilities,40,37,0
PowerMenu,16,15,1
pinduoduo_backdoor_unpacker,3,2,0
gdx-ai,212,191,3
android-advanced,14,13,0
PickView,3,3,0
hollow,712,630,45
logback-android,439,355,3
datumbox-framework,184,160,2
AntiFakerAndroidChecker,3,2,0
game-server,945,929,2
xodus,287,232,29
Espresso,49,46,0
weblaf,1103,791,76
DataFixerUpper,103,17,82
android-test,260,182,11
javers,343,288,22
android-dynamical-loading,78,72,0
Android-SerialPort-API,9,9,0
raft-java,160,157,1
Android-ScalableVideoView,2,2,0
xdocreport,1090,994,10
Android-InsecureBankv2,0,0,0
AnotherMonitor,6,4,0
pcap4j,1035,843,5
spring-master-class,19,17,0
AndroidHiddenApiBypass,0,0,0
VideoEditor-For-Android,37,36,0
kylo,3559,3268,58
hazelcast-jet,768,390,306
sofa-tracer,212,188,3
mapsforge,315,264,3
MD360Player4Android,119,103,0
algos,2,0,1
SortableTableView,26,26,0
Dali,22,22,0
infinispan,3922,2408,886
android-maven-plugin,301,234,2
android-TopActivity,0,0,0
data-algorithms-book,40,36,1
javacc,81,61,2
react-native-background-task,0,0,0
Android-CircleDialog,20,19,0
Doodle,66,49,0
StickyScrollViewItems,0,0,0
VideoEnabledWebView,1,0,1
jbox2d,333,313,1
FabricView,21,21,0
android-openGL-canvas,48,38,1
progress-activity,4,4,0
AndrOBD,42,35,0
rtree,63,3,44
Priam,135,115,10
BedrockConnect,15,15,0
java-diff-utils,28,23,1
android-checkout,18,16,0
SingleDateAndTimePicker,29,18,10
aws-sdk-android-samples,11,11,0
sonar-java,900,405,388
2048-android,0,0,0
Android-Video-Trimmer,12,11,0
Learn-OpenGLES-Tutorials,2,2,0
android-cube-app,1,1,0
NumberPicker,35,31,0
cron-utils,41,35,1
sqlite-android,18,16,0
android-auto-update,0,0,0
constraintlayout,643,577,10
AndroidDemoProjects,45,44,0
AndroidIM,5,3,0
AndroidTouchGallery,3,2,0
DataStructureAndAlgorithms,2,0,0
AndroRAT,254,228,4
android-fundamentals,17,17,0
AndroidArchitecture,16,14,0
AndroidMaterialDesignToolbar,4,4,0
AndroidQuick,39,33,2
android-fundamentals-apps-v2,17,17,0
andbase,490,442,5
AndroidOcrLibs,0,0,0
AndroidSwipeableCardStack,8,5,0
AndroidSerialPort,4,4,0
AndroidScreencast,17,12,0
AndroidFaceInterview,1,1,0
AndroidIDE,2379,1911,178
AndroidInstantVideo,15,11,4
codeexamples-android,128,104,0
AndroidTips,0,0,0
arcgis-runtime-samples-android,12,8,0
android-basic-samples,2,2,0
apps-android-commons,486,285,155
AndroidTacticalAssaultKit-CIV,1622,1447,20
android-pulltorefresh-and-loadmore,0,0,0
Android-Cookbook-Examples,69,62,0
AndroidQuick,113,101,2
AndroidKeyboardWatcher,0,0,0
android-pedometer,1,0,0
AndroidDocumentScanner,0,0,0
AndroidBase,112,104,4
AndroidNavigation,66,51,0
mixpanel-android,49,44,0
android-samples,5,4,0
snippets-android,10,9,0
Mobile-SDK-Android,34,28,3
aws-sdk-android,15867,14705,61
alicloud-android-demo,6,5,1
AndroidScreenShot_SysApi,0,0,0
AndroidUT,6,6,0
Android-Blog-Source,6,5,0
quickblox-android-sdk,37,26,0
wallet-android,783,741,7
PayPal-Android-SDK,0,0,0
androidclient,225,193,0
spring-and-hibernate-for-beginners,456,452,0
spring-android-samples,36,36,0
EsptouchForAndroid,23,20,0
processing-android,138,86,20
mapbox-android-demo,79,79,0
android-numberpicker,14,13,0
AndroidTensorFlowMNISTExample,5,5,0
openalpr-android,18,18,0
android-testdpc,79,48,18
Google-Directions-Android,24,23,0
diva-android,0,0,0
android_sdk,47,36,0
spring-android,152,140,2
Advanced_Android_Development,1,1,0
ECommerce-App-Android,36,36,0
android-transcoder,14,11,0
AndroidDeveloperAdvancedManual,0,0,0
android_packages_apps_Trebuchet,231,186,0
alpha-wallet-android,663,482,149
android-lifecycles,4,4,0
AndroidProxySetter,6,5,0
AndLinker,27,21,0
android-training,5,5,0
androidplot,222,203,5
android-storage,8,6,1
android-wheel,13,11,2
news-android,65,59,0
gauges-android,28,28,0
Android-Rate,12,8,1
android-smsmms,114,102,0
Android-Next,79,46,12
AndroidLocalizePlugin,59,57,1
android-sdk,103,84,13
android-app,102,96,0
Bluetooth-LE-Library---Android,23,22,0
Bugly-Android-Demo,0,0,0
onebusaway-android,335,313,3
aliyun-oss-android-sdk,353,327,9
Android-Pdf-Viewer-Library,167,151,1
osmtracker-android,41,39,2
android-sliding-layer-lib,5,3,0
android-youtubeExtractor,20,17,3
android-room-with-a-view,3,3,0
Data-Structures-and-Algorithms,19,10,4
OneSignal-Android-SDK,177,145,7
SVG-Android,33,31,0
android-ColorPickerPreference,8,8,0
WanAndroid,250,224,1
Android-Image-Slider,56,49,0
ESCPOS-ThermalPrinter-Android,34,31,3
countly-sdk-android,27,13,9
android_tv_metro,39,34,0
AndroidFastScroll,6,5,0
FFmpeg-Android,0,0,0
Android-Smart-Login,20,20,0
bookdash-android-app,43,35,2
android_virtual_cam,1,0,0
Android,14,2,2
android-browser-helper,7,4,0
android-rss,18,15,1
android-player,12,11,0
GPUVideo-android,54,48,1
Simple-Android-OCR,0,0,0
vlc-android-sdk,20,17,0
android-play-publisher-api,0,0,0
PdfBox-Android,789,720,31
sealtalk-android,718,672,21
pingpp-android,0,0,0
Android-Zxing,99,86,0
deltachat-android,209,182,7
android_rtmppush_sdk,0,0,0
Android-DFU-Library,29,26,0
Android-Interview,0,0,0
VideoWorld_Android,201,190,5
android-mvp-pattern,10,10,0
EasyPusher-Android,16,13,1
Android-SmartWebView,3,1,2
Mp4Composer-android,69,64,0
WanAndroid,197,178,2
StompProtocolAndroid,16,15,0
android-network-discovery,0,0,0
android-DecoView-charting,40,37,0
android-filepicker,6,4,0
notes-android,67,62,1
bither-android,386,355,13
live-app-android,11,9,2
android-heart-rate-monitor,0,0,0
hn-android,34,30,0
kdeconnect-android,90,59,5
android-tagview,7,7,0
AR-RTMPC-Android,15,13,1
kickflip-android-sdk,99,87,0
samourai-wallet-android,165,136,10
Android-AlarmManagerClock,2,2,0
androidtv-sample-inputs,87,86,0
android-simple-tooltip,1,1,0
NodeMediaClient-Android,2,2,0
android-speech,11,10,0
blinkid-android,6,6,0
messenger-app-android,2,1,0
awesome-android-things,0,0,0
Android-tv-widget,109,91,3
android-otpview-pinview,12,11,1
full-stack-with-angular-and-spring-boot,14,12,1
android_packages_apps_apolloMod,37,34,0
sceneform-android,178,152,18
android-vpn-client-ics-openvpn,27,16,0
android-arscblamer,23,20,3
android-kline,363,305,0
Android-Rich-text-Editor,113,113,0
hyperlog-android,5,5,0
android-ago,2,2,0
Player_Android,89,80,1
wh-app-android,9,9,0
full-stack-with-react-and-spring-boot,17,16,1
LazyWaimai-Android,192,178,1
android-dagger2-example,10,6,0
rexxar-android,10,8,0
photo-editor-android,25,22,0
android-switch-backport,6,5,0
opengles4android,1,1,0
AserbaosAndroid,482,428,9
MaterialDialog-Android,10,10,0
android-empty-layout,19,16,0
Android-GetAPKInfo,280,249,0
Android-TensorFlow-Lite-Example,3,3,0
prey-android-client,153,125,5
sbt-android,166,121,6
Android-RateThisApp,0,0,0
Android-Scanner-Compat-Library,41,40,0
FFmpeg-Video-Editor-Android,0,0,0
vosk-android-demo,0,0,0
evernote-sdk-android,32,28,0
android_maskable_layout,1,1,0
Android-Camera,6,5,0
Android-RTEditor,91,56,0
Android-SerialPort-Tool,10,9,0
vehicle-keyboard-android,5,5,0
AndroidBitmapMonitor,0,0,0
threema-android,810,722,40
BGABaseAdapter-Android,20,17,0
LoginUI-Android,0,0,0
Android-Wheel-Menu,1,1,0
android-verticalseekbar,1,1,0
frpc-Android,15,13,1
mlkit-material-android,10,9,1
android-archetypes,2,2,0
android-unit-testing-tutorial,1,0,0
CJFrameForAndroid,16,14,2
blessed-android,29,26,1
android-audio-visualizer,2,1,0
android-openslmediaplayer,101,84,0
nim-uikit-android,136,124,9
android-test-demo,1,0,1
android-sku,32,30,0
Algorithms-and-Data-Structures-in-Java,35,31,3
mollyim-android,2211,1928,88
WaniKani-for-Android,28,24,1
data-structures-and-algorithms-made-easy-in-java,46,28,14
realm-android-adapters,18,17,0
Android-Goldfinger,12,0,12
exposure-notifications-android,92,77,10
android-mvvm,0,0,0
FitAndroid7,0,0,0
FancyGifDialog-Android,0,0,0
android-starter,12,5,0
JWTDecode.Android,3,2,0
grocy-android,1069,1016,13
Android-ExpandIcon,0,0,0
Android-WYSIWYG-Editor,25,25,0
node-android,168,107,25
android-oauth-client,134,122,1
android-multipicker-library,31,30,0
eventuate-tram-examples-customers-and-orders,46,46,0
puree-android,14,14,0
TinyDB--Android-Shared-Preferences-Turbo,1,1,0
Android-Touch-Helper,10,9,0
android-materialshadowninepatch,5,2,0
android_additive_animations,25,23,0
Android-Lock9View,2,1,0
mvp-android-arch-component,14,12,0
libphonenumber-android,112,62,47
android-maps-extensions,37,33,0
snapdrop-android,12,8,0
PowerTunnel-Android,6,5,0
WanAndroid,104,96,2
TrustKit-Android,23,19,3
onboarding-examples-android,0,0,0
android-mvp-interactor-architecture,82,72,1
eventuate-tram-sagas-examples-customers-and-orders,35,35,0
react-native-extra-dimensions-android,0,0,0
Accessibility-Test-Framework-for-Android,135,118,4
android-intents,1,0,0
Android-Orma,144,125,3
android-fly-materialdesign,97,85,4
direct-select-android,5,4,0
material-remixer-android,41,39,0
BlurTestAndroid,49,42,0
Hands-On-Microservices-with-Spring-Boot-and-Spring-Cloud,941,941,0
android_scratchoff,13,10,0
APNG4Android,11,8,1
InstagramLikeColorTransitionAndroid,0,0,0
Godot-Android-Admob-Plugin,0,0,0
android-gradle-java-app-template,2,2,0
rdVideoEditSDK-for-Android,1,1,0
BGATransformersTip-Android,0,0,0
NativeAlphaForAndroid,11,6,0
syncthing-android,14,12,0
SMAPI-Android-Installer,178,161,0
android-holo-colors-idea-plugin,1,0,0
CosmosBrowserAndroid,0,0,0
doodle-android,10,10,0
Android-Support-Preference-V7-Fix,37,35,1
tut-spring-boot-oauth2,0,0,0
kafka-examples,2,2,0
react-native-music-control,2,1,1
lcm,208,149,0
ranger,2177,2109,25
minimal-json,11,4,3
study,10,10,0
spring-cloud-dataflow,949,838,34
java-koans,20,15,4
hacktoberfest2021,9,8,1
cloudsim,429,405,3
oauth2lab,41,41,0
spring-web-services,56,55,0
dslabs,6,0,3
bigquery-utils,50,50,0
universal-resolver,44,37,7
memory-game,4,2,0
ud867,8,8,0
samples,0,0,0
openremote,1145,1051,11
unfolding,62,50,1
FirefoxReality,225,193,6
wdl,164,132,24
CERMINE,244,238,0
jkube,247,207,8
camunda-7-code-examples,2264,2243,4
JustEnoughItems,269,259,3
bladecoder-adventure-engine,254,225,0
microcks,284,265,1
customers-stores,0,0,0
jmqtt,152,146,1
NBAPlus,100,94,2
jslt,35,34,0
Player,38,34,3
daff,0,0,0
incubator-celeborn,187,157,20
opencensus-java,97,85,4
carrot2,103,64,21
coral,59,52,1
rome,598,576,1
spring-boot-master-class,50,45,1
rxjava-jdbc,93,11,55
react-native-fingerprint-scanner,1,1,0
rars,201,177,4
JAVMovieScraper,112,99,3
sparrow,498,392,37
rultor,9,0,0
TestFX,50,35,1
yanagishima,4,4,0
restheart,246,206,15
gcm,50,44,0
mvvm-sample-app,4,2,0
SimpleFlatMapper,732,655,49
delverengine,84,64,3
JCL,31,27,0
bazel-buildfarm,134,91,21
microservice-integration,67,60,0
scrimage,351,327,19
WorldGuard,137,114,4
bank-of-anthos,26,26,0
VideoClipEditViewTest,85,77,3
cointrader,289,273,1
react-native-wechat-lib,0,0,0
freddy,24,20,0
xipki,1284,1161,18
flume,150,142,2
react-native-callkeep,2,2,0
Argus,726,696,1
ozone,2613,2443,68
jte,65,39,17
CoreProgress,0,0,0
compile-testing,21,13,7
Lunary-Ethereum-Wallet,54,49,2
closure-templates,480,363,71
envoy-mobile,83,61,0
Awesome-Learning-Resources,109,108,0
epublib,110,104,0
Repeat,331,239,15
AudioVideoRecordingSample,6,5,0
awesome-spring-boot,33,31,0
FeatureFu,3,1,0
jafka,57,50,1
wolvic,343,288,5
geowave,1833,1630,58
SubmitButton,0,0,0
react-native-calendar-events,1,1,0
event-sourcing-cqrs-examples,48,48,0
android_processing_boilerplate,1,1,0
Strata,5121,2407,2117
GiveawayBot,30,30,0
rocketmq-dashboard,135,125,0
radiance,2836,2771,48
esper,7949,7144,258
pcgen,1438,1268,25
SlideDateTimePicker,0,0,0
riiablo,392,112,132
InviZible,84,57,0
cg-blog,12,12,0
modbus4j,168,145,2
symmetric-ds,1887,1561,25
Slimefun4,391,313,12
overlap2d,128,119,3
diablo-js,35,35,0
Prefuse,243,210,1
download-navi,68,47,4
xstream,163,141,11
Kore,88,81,0
hermes,1133,937,36
spring-test-dbunit,12,12,0
fastexcel,68,63,2
webbit,45,4,30
URL-Detector,11,11,0
GeoIP2-java,81,64,16
People-MVVM,20,20,0
concurrent-trees,34,33,0
java-object-diff,122,98,0
picard,428,394,18
CVE-2021-44228-Scanner,78,54,0
RxPaparazzo,39,24,7
cats,5,4,0
phoenicis,428,249,1
ical4j,189,178,2
fess,818,408,24
dyn4j,357,285,13
gs-messaging-stomp-websocket,2,2,0
Railcraft,518,441,21
apicurio-registry,585,509,32
DS-Algo-Point,17,11,0
ejml,216,171,18
react-native-biometrics,0,0,0
MaterialLeanBack,6,5,0
TexasHoldemSolverJava,37,35,0
LLD,1139,1080,32
jediterm,232,185,3
CaA,1,1,0
scalable-coffee-shop,59,59,0
playwright-java,51,2,40
react-native-keep-awake,0,0,0
AppStarter,4,3,0
governator,149,113,10
ncalc,116,86,9
EspExceptionDecoder,0,0,0
ofbiz-framework,1885,1756,49
Lucee,2086,1738,123
LatencyUtils,4,4,0
spring-xd,1211,1067,34
sfntly,115,20,77
yamlbeans,63,57,1
barefoot,63,11,48
finmath-lib,1566,1523,29
RapidView,96,50,4
cv4j,57,49,0
beatoraja,676,621,7
react-native-tts,1,1,0
java-json-benchmark,98,49,41
blog-tutorials,287,278,2
RxWebSocket,6,3,0
instagram-java-scraper,5,5,0
RxJavaInterop,0,0,0
jpetstore-6,96,91,0
spring-boot-websocket-chat-demo,3,3,0
java-html-sanitizer,7,3,2
Singularity,2150,2006,10
viro,32,20,0
helper,218,178,23
jpf-core,555,452,53
ExcelCompare,4,2,1
Chronicle-Core,59,4,39
spring-data-commons,365,338,7
interview,5,4,0
hivemq-mqtt-client,244,206,5
EnchantmentCracker,3,0,1
nodebox,282,237,10
jreleaser,1510,1269,33
recycler-fast-scroll,4,3,0
PinyinSearchLibrary,98,81,0
cordova-plugin-googleplus,0,0,0
No-Chat-Reports,18,8,8
aircompressor,37,35,0
project-rome,27,26,0
spark,166,100,46
RxJavaExtensions,72,5,47
Chunky,121,71,46
RMSwitch,21,17,0
navi,1,0,0
IRecyclerView,4,4,0
SimplifySpan,54,44,10
elements-of-programming-interviews,3,2,0
RxLocation,8,3,2
ATLauncher,220,159,21
hellokoding-courses,186,184,1
gitflow-maven-plugin,38,38,0
spring-kata,93,91,0
gitflow-maven-plugin,38,38,0
sakai,6820,6130,88
FlycoRoundView,17,15,2
derive4j,3,0,0
microservices-basics-spring-boot,18,17,0
arx,785,703,11
Calendar-PhoneGap-Plugin,0,0,0
EasyFlow,18,14,1
Modular-Architecture-Hexagonal-Demo-Project,21,18,0
sagetv,1065,861,17
restfb,119,102,4
Spark,632,562,10
FastCSV,14,6,0
geckolib,556,505,15
quickscroll,14,14,0
DragSortAdapter,3,2,1
apiman,1517,1368,24
SapMachine,14232,10219,1767
ferro,19,15,0
ForgeGradle,88,78,1
DS-Algo,2,2,0
adempiere,3069,2582,193
docker-workflow-plugin,32,30,0
spring-social,104,95,0
igv,1213,1060,41
twilio-java,5589,5161,3
dss,3176,3079,2
storm-contrib,4,3,0
mina-sshd,819,750,4
ShowCaseView,4,1,0
haveno,316,202,42
testsigma,28,25,2
intellij-bootstrap,4,2,0
PowerTunnel,99,83,10
AlertDialogPro,7,4,0
react-native-document-scanner,36,33,0
BoofCV,1063,906,13
react-qr-code,0,0,0
Droppy,7,4,1
es4j,22,11,4
react-native-audio-streaming,4,3,0
springboot-jwt-starter,23,19,0
react-native-google-places,2,2,0
java-microservices-examples,483,468,0
tray,218,174,8
fluent-validator,68,58,10
bnd,985,752,75
Orestes-Bloomfilter,46,21,23
tomighty,42,16,22
MaxKey,1485,1424,4
react-native-oauth,4,4,0
mutual-tls-ssl,4,4,0
Xndroid,52,43,1
Citizens2,1947,1779,21
flutterlocation,73,48,24
CookieBar2,4,3,0
VideoCompressor,26,25,1
spring-boot-rest-example,6,6,0
concurrentunit,0,0,0
ezyfox-server,16,11,2
takes,14,5,0
jmockit1,144,129,0
Ghidra-Cpp-Class-Analyzer,114,107,1
bigqueue,58,53,0
Duke,115,105,2
Material-ProgressView,7,6,0
JetBrainsRuntime,14310,10280,1772
PlaceholderAPI,25,21,2
spring-webmvc-jwt-sample,2,2,0
activej,1213,1103,50
getting-started-guides,0,0,0
LiveVideoBroadcaster,25,22,1
TerraLegion,104,93,6
sureness,81,75,0
CalendarFX,506,217,2
OpenPods,6,4,0
Payara,5415,4514,220
structr,1040,839,109
cactoos,9,5,0
kafka-streams-machine-learning-examples,0,0,0
moa,530,464,30
jenetics,277,62,5
stream-m,210,199,8
AWAE-PREP,0,0,0
tis,1725,1556,17
athenz,1282,1250,9
hivemq-community-edition,993,885,13
karyon,81,62,9
jfxtras-styles,39,14,0
robovm,5023,2551,390
kuromoji,162,160,1
zerocode,203,197,1
stendhal,781,696,11
Java-JavaFx-Swing-Projects-Desktop-Application-GUI-Software,0,0,0
app-icon,27,25,0
FastAsyncWorldEdit,888,748,32
kafka-connect-github-source,104,104,0
shinyproxy,16,16,0
univocity-parsers,186,140,15
oxAuth,1563,1473,5
rex-weather,6,6,0
metrics,151,131,4
mad-location-manager,28,24,0
mobsfscan,0,0,0
rulebook,53,45,0
ActivityLauncher,9,9,0
react-native-system-setting,2,1,1
jfxtras,435,186,92
univocity-trader,1039,875,97
Amarok-Hider,0,0,0
jfxtras,435,186,92
inception,2333,2110,9
batfish,7862,7693,0
frostwire,835,648,74
eventeum,18,18,0
aws-sam-java-rest,0,0,0
swagger-maven-plugin,104,96,0
FluentLenium,198,160,10
LyricViewDemo,5,4,0
slice,22,16,3
Hive2Hive,265,186,12
ArrayVisualizer,0,0,0
AppiumTestDistribution,10,10,0
startup-os,26,25,0
graphicsfuzz,159,144,10
substratum,104,97,4
XTabLayout,15,14,0
XmlToJson,10,9,0
service-proxy,1069,959,8
substratum,104,97,4
MediaPlayer-Extended,52,47,0
CarouselPicker,10,10,0
memcached-session-manager,172,160,1
jpmml-sklearn,19,19,0
js-graphql-intellij-plugin,594,562,3
sora-editor,300,234,6
voj,167,160,6
pgjdbc-ng,248,223,5
sts4,1556,1426,44
roaster,79,73,1
dl-on-flink,113,105,1
blueflood,204,182,13
proctor,330,308,4
EasyFlipViewPager,7,3,0
Sketchware-Pro,2056,1788,61
spring-boot-3-jwt-security,2,2,0
DoctorK,33,32,0
thymeleaf-extras-springsecurity,6,6,0
intellij-plugin-save-actions,26,22,0
AppIntroAnimation,4,2,0
ScrollingPagerIndicator,7,7,0
zingg,127,118,5
TornadoVM,1009,824,96
luaj,50,7,4
redis-replicator,406,355,6
EvalEx,3,1,1
json-schema-validator,108,79,3
ChkBugReport,255,238,4
GaussianBlur,2,2,0
json-schema-validator,108,79,3
gaia,68,67,0
Reservoir,2,2,0
BubbleTab,0,0,0
ratelimitj,12,11,0
triplea,629,592,6
HashTagHelper,0,0,0
spring-boot-data-source-decorator,54,41,0
science-parse,9,9,0
awesome_notifications,19,18,0
AppIconNameChanger,0,0,0
tinylog,59,46,0
BenchmarkJava,24,24,0
Camera,4,1,0
s3ninja,16,15,0
aws-athena-query-federation,293,275,0
enigma,3,3,0
docs-to-pdf-converter,0,0,0
mybatis-dynamic-sql,175,114,56
cogcomp-nlp,265,223,15
datasource-proxy,101,92,6
isolating-the-domain,83,0,55
log4jdbc,9,9,0
Bytecoder,6131,4823,504
gdx-texture-packer-gui,0,0,0
ticTacToe,2,2,0
HopLa,5,5,0
depgraph-maven-plugin,24,21,0
steady,1653,1322,23
BotLibre,1438,1311,71
Twire,100,93,3
Java-Deserialization-Scanner,9,9,0
WS-Attacker,564,527,2
scalecube-services,82,12,67
sejda,252,210,14
line-fido2-server,2,2,0
aparapi,121,104,1
spring-cloud-huawei,218,181,2
RxGroups,8,1,3
bibliothecarius,46,42,4
GlobalPlatformPro,20,17,0
redis-om-spring,77,63,1
jmc,1615,1436,50
Transcoder,23,21,0
openscoring,56,56,0
JColor,2,0,0
flexy-pool,53,47,1
PinEntryEditText,1,0,0
concurrency,4,4,0
alexa-skills-kit-sdk-for-java,66,65,0
stroom,4885,4188,71
Low-Level-Design,36,36,0
sample-spring-microservices,0,0,0
neosemantics,60,51,1
product-apim,2846,2713,0
ToggleButtonGroup,12,7,0
para,142,133,1
selenium-java-lean-test-architecture,1,1,0
json-flattener,3,3,0
jtransc,511,346,75
product-is,450,435,7
lsp4j,85,84,1
JavaPackager,212,180,0
edittext-mask,7,5,0
UberClone,29,29,0
YCStateLayout,6,6,0
sample-spring-microservices-new,29,26,0
PickImage,34,29,1
swim,1728,31,1500
yago3,13,7,2
apollo-use-cases,2,2,0
GadgetProbe,4,3,0
RxReplayingShare,0,0,0
PortEx,82,68,1
incubator-paimon,560,237,270
ChatKeyboard,27,25,2
Mallet,499,420,31
camelinaction2,201,198,0
ArchUnit-Examples,24,24,0
MCCustomSkinLoader,5,3,1
spring-hadoop,570,522,1
davmail,96,88,4
Bastillion-EC2,76,76,0
PHONK,93,80,4
Addax,241,222,10
download-manager,74,6,59
bee,28,28,0
linstor-server,1778,1630,55
MCVmComputers,1,1,0
KeenWrite,110,72,0
jigasi,91,86,3
binaryprefs,31,31,0
bttv,8,6,0
barber,2,0,1
qpython,420,392,9
Scada-LTS,2692,2372,4
StikkyHeader,10,10,0
sonar-gitlab-plugin,40,32,1
abixen-platform,361,354,0
jackson-dataformat-xml,120,107,0
Important-Java-Concepts,30,29,0
DragListView,28,19,0
SquidLib,314,276,16
DrawView,32,27,1
mbassador,47,42,3
jcseg,110,84,6
DateRangePicker,23,12,11
json-patch,9,9,0
wro4j,158,129,0
nailgun,24,21,0
CreditCardEntry,12,10,0
jboss-eap-quickstarts,243,239,0
easy-es,12,12,0
tokencore,103,103,0
xchange-stream,524,510,4
automon,11,11,0
jdeb,34,28,3
threetenbp,128,84,10
collect,267,209,31
Springy-Store-Microservices,0,0,0
Java,11,11,0
streampipes,1572,1423,24
MCreator,357,316,5
procyon,890,804,7
MoonBox,415,353,3
jarjar,17,16,0
logstash-gelf,63,52,1
equalsverifier,104,74,5
BashSupport,93,57,4
Modelio,3706,3434,59
log4j-detector,0,0,0
amazon-dynamodb-lock-client,51,46,2
parallaxviewpager,0,0,0
spring-data-neo4j,469,459,2
LiveLessons,9449,6078,585
parallel-consumer,11,4,0
jHiccup,0,0,0
sitewhere,794,784,0
selendroid,185,157,7
alipay-easysdk,402,400,1
jacob-project,7,6,1
odd-platform,6,5,0
spring-roo,727,636,16
ananas-desktop,41,33,4
scenic-view,132,100,7
kafka-spark-consumer,10,9,0
event-ruler,31,23,5
TempleApp,10,10,0
geometry-api-java,106,79,0
cortana-scripts,102,102,0
Qualitis,2235,2228,0
BottomBarLayout,5,4,0
java-dns-cache-manipulator,1,1,0
GAppsMod,8,8,0
simplenlg,94,57,0
IPED,1454,1282,26
BlackObfuscator,1007,942,31
reCAPTCHA,17,17,0
oraxen,333,271,27
cassandre-trading-bot,17,15,0
TLS-Attacker,1468,1340,7
zeus-iot,38,24,0
CoinExchange_CryptoExchange_Java,144,139,2
freecol,864,786,5
common-random,43,43,0
DrivenByMoss,483,352,64
ice,72,47,1
realworld-serverless-application,72,70,2
owasp-java-encoder,6,0,0
BerylEnigma,52,50,1
circular-with-floating-action-button,0,0,0
redpen,69,59,1
platform,3,3,0
hilla,360,333,3
jpa-with-hibernate,29,28,0
microstream,1343,541,554
react-native-baidu-map,40,40,0
Design-Patterns,35,31,0
causeway,700,535,58
bulbasaur,234,198,0
TemplateAppProject,20,19,0
sirix,524,431,28
EasyOCR,0,0,0
ObjectLogger,51,49,0
bonecp,106,83,0
domain_hunter,7,6,0
TencentKona-8,13966,10895,1206
org.alloytools.alloy,117,53,37
redissyncer-server,230,204,8
datacap,19,15,1
XposedSmsCode,32,26,3
EasyPay,16,16,0
objenesis,4,4,0
AlbumCameraRecorder,89,71,9
AAChartCore,0,0,0
lunar-java,106,96,0
PlayPicdio,79,79,0
Android_Me,0,0,0
Advance-Android-Tutorials,12,12,0
android_frameworks_base,14399,12024,44
AndroidAcp,9,7,0
AndroidOCR,0,0,0
and-nd-firebase,3,3,0
android-docs-samples,10,7,0
butter-android,367,337,7
AndroidModuleDemo,59,55,1
android5xlsx,0,0,0
AndroidEmoji,0,0,0
android-fundamentals-starter-apps-v2,2,2,0
androidbible,144,119,6
braintree_android,397,365,6
AndroidRocker,0,0,0
analytics-android,8,5,2
android-chess,25,19,1
AndroidDocumentViewer,9,5,1
SalesforceMobileSDK-Android,259,209,13
AndroidProjectCreator,11,11,0
AndroidOnboarder,11,10,0
edx-app-android,373,317,14
Data-Structures-and-Algorithms,21,21,0
KSYLive_Android,79,70,2
android-quickstart,0,0,0
glucosio-android,92,85,2
roman10-android-tutorial,871,819,1
DeepNewdsForAndroid,958,587,9
AndroidMultiLanguage,0,0,0
AndroidOpenGLTutorial,26,21,0
android,107,101,0
android-sliding-menu-demo,0,0,0
android,47,40,3
AndroidProgressLayout,1,1,0
AndroidAutoSwitcher,12,11,0
AndroidRandomColor,8,8,0
android-undergarment,8,5,0
Android-App-Development,10,10,0
mirakel-android,158,139,7
AlexaAndroid,79,76,0
Ice_and_Fire,151,126,12
android-money-manager-ex,166,137,2
android-wifi-connecter,2,2,0
master-spring-and-spring-boot,66,62,0
android-rest-client-template,2,2,0
android-beacon-library-reference,1,1,0
CastVideos-android,4,3,0
matomo-sdk-android,39,35,0
sdkdemoapp3.0_android,30,20,8
ShareSDK-for-Android,44,31,1
Android-Serialport,18,17,0
Thermal-Printer-in-Android,0,0,0
react-native-webview-android,8,8,0
speedtest-android,29,29,0
data-structures-and-algorithms,19,11,7
matrix-android-sdk,191,157,1
PasscodeLock-Android,2,2,0
spotify-web-api-android,6,5,0
MultiFunctionAndroidDemo,1,1,0
Cognitive-Face-Android,0,0,0
FakerAndroid,75,67,0
android-downloader,55,54,0
Android-IM,69,62,0
spring-unit-testing-with-junit-and-mockito,5,5,0
android-range-seek-bar,3,1,1
ROS-Mobile-Android,172,157,5
mastering-kafka-streams-and-ksqldb,32,31,0
country-picker-android,5,5,0
sync-android,113,99,5
android-card-form,27,23,0
ble-test-peripheral-android,3,3,0
android-gif-encoder,0,0,0
android-play-safetynet,8,6,0
Android-PWA-Wrapper,0,0,0
android-toggle,10,8,1
Android-Permissions,0,0,0
android-AppUsageStatistics,3,3,0
opencv_native_androidstudio,43,43,0
rides-android-sdk,26,23,1
virtual-joystick-android,7,4,0
Android-nRF-Mesh-Library,554,512,8
Android-ChatHead,0,0,0
turbolinks-android,4,3,1
Android-CircleMenu,7,6,1
Connect-SDK-Android,0,0,0
grouter-android,19,15,1
EasyRTMP-Android,12,6,0
Android-FloatWindow,0,0,0
UltimateAndroidAppTemplate,10,9,1
audio-analyzer-for-android,20,18,0
android-gfycat,16,15,0
android-gradle-book-code,2,2,0
Git-Credential-Manager-for-Mac-and-Linux,19,19,0
EspBlufiForAndroid,37,37,0
TorrentStream-Android,10,9,0
android-movies-demo,14,13,0
carstream-android-auto,23,18,2
FFmpeg-Android,11,11,0
android-emulator-detector,4,1,2
openmw-android,58,40,1
Data-Structures-and-Algorithms--using-JAVA,5,4,0
SmartControl_Android_MQTT,35,32,0
android-bomber,28,26,0
android-video-trimmer,21,21,0
android-ruler-picker,10,10,0
Android,25,22,1
aard2-android,10,7,1
PDFCreatorAndroid,13,12,1
pd-for-android,14,6,0
FancyAlertDialog-Android,0,0,0
ViaFabric,13,10,0
Android-MVP-Sample-Application,6,2,0
sardine-android,106,104,0
Modbus4Android,80,67,1
Android-LuckyMonkeyPanel,1,0,1
ehreader-android,84,79,3
android-slidr,6,6,0
LagouAndroidShare,0,0,0
PhilipsHueSDK-Java-MultiPlatform-Android,8,8,0
Face-Liveness-Detection-SDK-Android,16,13,1
N26AndroidSamples,6,1,2
Android-Carbon-Forum,8,7,1
Android-EmotionInputDetector,0,0,0
osmeditor4android,615,497,54
FancyWalkthrough-Android,17,16,0
ulogger-android,8,5,3
poi-on-android,5,3,0
Android-ExpandableTextView,3,2,0
Android-SwitchDateTimePicker,18,17,0
symja_android_library,1001,620,166
android-crackme-challenge,3,3,0
react-native-android-sms-listener,0,0,0
android-PlacesAutocompleteTextView,17,15,0
android-http-server,114,100,8
httptoolkit-android,68,50,4
tflite-android-transformers,1,1,0
jellyfin-android-original,4,2,1
android-thinkmap-treeview,38,32,3
awesome-android-animation,0,0,0
android-inline-youtube-view,0,0,0
android-gradle-template,10,9,0
OriSim3D-Android,0,0,0
android-material-icons,3,2,1
Pluto-Android,69,53,12
react-native-android-activity,1,1,0
secure-storage-android,0,0,0
android-file-chooser,6,5,0
happy-dns-android,11,11,0
Android-SerialPort,10,9,1
DigiView-Android,3,2,0
pdfview-android,20,14,0
InteractiveInfoWindowAndroid,14,9,3
Android-FloatWindow,2,2,0
android-support-preference,69,57,0
mosmetro-android,22,18,0
android-postfix-plugin,3,2,0
Android-Developer-Toolbelt,6,6,0
overscroll-bouncy-android,10,9,0
BiglyBT-Android,225,166,11
gradle-android-ribbonizer-plugin,3,3,0
hsv-alpha-color-picker-android,1,1,0
AdBlockedWebView-Android,0,0,0
A_Guide_to_Running_Tensorflow_Models_on_Android,5,4,1
Relearn-Android,19,14,0
Android-NoSql,7,6,1
androidsvgdrawable-plugin,47,41,1
android-camera2-secret-picture-taker,0,0,0
dp3t-app-android-demo,15,13,0
Aria2Android,0,0,0
aosp-android-jar,30374,25363,419
Android-Face-Recognition-with-Deep-Learning-Test-Framework,0,0,0
warpinator-android,0,0,0
stingle-photos-android,53,45,4
RxSocialConnect-Android,6,4,2
onlinebookstore,26,26,0
docker-crash-course,39,36,3
Shizuku-API,7,7,0
core,1398,1054,81
Kafdrop,101,93,0
socialview,10,10,0
weixin-java-demo-springmvc,3,2,0
poi,25,24,0
hadoop-connectors,100,82,2
CraftBook,136,117,5
opencast,2212,2064,33
cordova-plugin-fingerprint-aio,5,5,0
halyard,37,26,1
exist,1340,1187,52
amazon-neptune-tools,180,19,151
spring-login,0,0,0
wopihost,15,8,1
connectors,124,104,9
droolsjbpm-integration,2196,2014,7
Whatsapp4j,7,0,4
httl,179,155,3
NativePageTransitions,0,0,0
redis-protocol,28,4,3
jredis,41,35,3
FHIR,6379,5940,334
support-diagnostics,16,13,1
rest-assured-workshop,19,19,0
netty-spring-example,0,0,0
react-native-wifi-reborn,1,1,0
gisgraphy,519,469,2
vaadin4spring,10,10,0
birt,7005,6076,263
react-native-ssl-pinning,0,0,0
librootjava,5,5,0
react-native-perspective-image-cropper,26,26,0
ngWebDriver,0,0,0
stubby4j,58,49,2
graphql-java-spring,12,12,0
spring-cloud-circuitbreaker,21,17,0
UMLGraph,9,9,0
universa,378,330,15
spring-cloud-stream-binder-kafka,157,135,2
CXTouch,112,90,3
perf4j,72,65,0
RxFingerprint,3,3,0
sonar-scanner-cli,6,1,0
kafka-tutorials,3,2,0
IPAddress,119,87,10
spring-boot-thymeleaf,4,4,0
tesseract4java,220,186,9
concourse,6989,6853,90
ObscuraCam,27,25,0
Sponge,983,270,350
jsr354-api,26,24,1
MeteoInfo,1992,1665,45
Downloader,40,30,1
Box2D-for-Processing,2,2,0
jpa-hibernate-tutorials,67,67,0
Aspose.Words-for-Java,215,203,0
beanshooter,67,37,28
javajungsuk3,78,66,10
SuntimesWidget,433,314,59
Music-Player,56,54,0
ThinkJavaCode,10,10,0
cloud-native-spring-in-action,38,38,0
incubator-baremaps,191,155,27
EMVemulator,0,0,0
midpoint,4384,3731,107
LeetCode,2,2,0
cloudbreak,13730,12680,296
gomobile-ipfs,31,21,1
zuul-auth-example,0,0,0
java-spring-cloud,20,14,0
ImageJ,217,177,25
frisbee,117,110,2
Mujina,4,4,0
full-reactive-stack,6,6,0
react-native-version-number,0,0,0
bintray-examples,4,4,0
spring-boot-postgresql-jpa-hibernate-rest-api-demo,8,8,0
sofa-lookout,320,250,51
barcode-scanner,0,0,0
jzy3d-api,802,666,27
spring-webflux-security-jwt,3,3,0
SmsRadar,4,4,0
CodeKatas,78,71,3
jsondoc,115,111,0
cascading,584,527,14
fx2048,7,6,0
amazon-kinesis-agent,22,5,11
react-native-gl-model-view,5,4,0
rmiscout,0,0,0
MOEAFramework,382,359,5
kubernetes-crash-course,58,56,2
pulsar-flink,38,28,1
datasophon,51,38,0
phabricator-jenkins-plugin,61,48,0
GemsFX,353,90,1
MCXR,30,23,1
okhttp-signpost,2,0,0
opensky-api,22,20,0
Hyperium,694,577,5
artio,676,0,621
statsd-jvm-profiler,4,4,0
jcifs-ng,498,437,6
ContentBlocker,26,24,0
ImmersivePortalsMod,68,37,1
coursework,0,0,0
SerialKillerBypassGadgetCollection,0,0,0
geojson-jackson,15,15,0
cybergarage-upnp,247,241,0
spring-boot-mysql-rest-api-tutorial,8,8,0
cloud-platform-iot-starterkit,87,85,0
rewrite,9,8,0
closure-stylesheets,150,139,8
opencodez-samples,148,134,4
ceylon,1464,1118,84
cloudhopper-smpp,183,164,1
smooks,864,788,16
hipster,97,77,6
flutter_barcode_scanner,9,7,0
SORMAS-Project,7353,6935,25
vraptor4,150,120,5
video-transcoder,3,1,0
VWorkflows,228,164,44
miglayout,69,56,2
freej2me,269,250,1
conjure,11,5,4
Y_DividerItemDecoration,9,8,1
ProtocolLib,266,225,4
constellation,1473,1201,51
spring-swagger2markup-demo,27,26,0
vertx-jooq,410,396,7
dhis2-core,3574,3172,16
RoughlyEnoughItems,320,204,44
azure-spring-apps-training,11,11,0
alovoa,2,2,0
donkey,28,2,25
java-fundamentals-exercises,2,2,0
NotifyUtil,1,1,0
minihud,44,38,2
lambda-behave,29,28,1
CLAVIN,60,49,7
PortAuthority,6,5,0
jeddict,1286,1188,0
fpinjava,589,137,418
PhotonFileValidator,46,36,0
alibabacloud-microservice-demo,77,72,0
FastAsyncWorldedit,569,482,32
substrate,132,112,1
thucydides,331,297,5
Google-Maps-2018,11,11,0
cloud-code-samples,16,16,0
Firestorm,375,363,11
hibernate-tools,248,233,3
SpringBoot-MyBatis,0,0,0
angularjs-springmvc-sample,29,29,0
zk,3048,2709,9
fabric-chaincode-java,101,92,2
LightZone-backup,339,278,14
CoreProtect,7,6,0
xssValidator,7,7,0
spring-hateoas-examples,3,3,0
PanelStudio,149,118,11
kcctl,23,19,1
retrowatch,25,25,0
