field_type, frequency
#userType, 255330
long, 207589
int, 88824
java.lang.String, 88201
boolean, 51564
java.util.List, 24499
java.util.Map, 14546
java.lang.Object, 10347
java.util.Set, 6418
double, 5364
#userType[], 4928
byte[], 4436
java.lang.Integer, 4293
int[], 3846
float, 3762
java.lang.Long, 3620
java.lang.String[], 3398
java.lang.Class, 2898
byte, 2527
java.nio.file.Path, 2277
java.lang.Boolean, 2105
java.util.HashMap, 1936
short, 1799
java.io.File, 1764
java.util.Date, 1651
java.util.ArrayList, 1497
java.util.function.Function, 1344
java.util.Collection, 1305
char, 1263
java.util.function.Supplier, 1257
java.util.concurrent.CountDownLatch, 1237
java.lang.Thread, 1211
java.util.concurrent.atomic.AtomicInteger, 1203
char[], 1166
java.math.BigInteger, 1157
java.util.concurrent.atomic.AtomicLong, 1099
double[], 1078
java.lang.Object[], 1043
java.util.concurrent.atomic.AtomicBoolean, 1032
java.lang.Runnable, 1009
java.awt.Color, 991
java.util.Vector, 976
java.util.Stack, 960
java.util.Iterator, 942
long[], 926
java.lang.Exception, 903
float[], 854
java.util.Optional, 843
java.io.InputStream, 824
java.util.regex.Pattern, 819
java.util.concurrent.ConcurrentMap, 809
java.util.UUID, 764
javax.swing.JLabel, 749
java.lang.ref.WeakReference, 746
javax.swing.JButton, 719
java.nio.ByteBuffer, 703
java.util.concurrent.ExecutorService, 697
java.io.PrintStream, 685
java.lang.CharSequence, 682
javax.swing.JCheckBox, 673
java.util.function.Consumer, 664
java.net.URL, 635
java.awt.image.BufferedImage, 635
java.util.concurrent.Executor, 620
java.lang.Throwable, 606
java.lang.Double, 605
java.util.concurrent.atomic.AtomicReference, 582
java.lang.reflect.Method, 569
java.lang.StringBuilder, 538
javax.swing.JSpinner, 538
javax.swing.JComboBox, 532
boolean[], 529
javax.swing.JPanel, 522
java.util.Random, 518
java.time.Instant, 510
java.io.OutputStream, 509
java.util.Hashtable, 503
java.util.Queue, 500
java.net.URI, 481
java.util.regex.Matcher, 464
java.util.concurrent.ConcurrentHashMap, 447
java.util.function.Predicate, 444
java.lang.ClassLoader, 434
com.sun.jdi.ThreadReference, 432
java.util.LinkedList, 431
com.sun.jdi.ReferenceType, 414
java.awt.Component, 410
java.time.Duration, 408
short[], 403
java.util.Deque, 402
java.awt.TextArea, 398
java.io.ByteArrayOutputStream, 396
javax.swing.JTextField, 394
java.math.BigDecimal, 392
java.util.concurrent.CompletableFuture, 392
java.awt.Rectangle, 391
java.util.Locale, 376
java.util.concurrent.locks.ReentrantLock, 372
java.util.concurrent.Semaphore, 358
java.awt.Button, 355
java.awt.Point, 352
java.net.ServerSocket, 351
java.awt.Frame, 348
java.util.Properties, 327
java.io.PrintWriter, 324
int[][], 319
java.util.concurrent.ScheduledExecutorService, 316
java.lang.invoke.VarHandle, 309
java.lang.invoke.MethodHandle, 287
java.time.LocalDateTime, 286
java.lang.Class[], 285
java.util.concurrent.locks.Lock, 276
java.lang.Float, 272
javax.swing.JFrame, 268
java.util.function.BiFunction, 263
java.net.Socket, 263
java.util.Comparator, 256
java.util.function.BiConsumer, 245
java.awt.Font, 244
java.awt.Dimension, 243
java.util.concurrent.CyclicBarrier, 241
javax.swing.Icon, 238
org.w3c.dom.Node, 235
java.util.HashSet, 229
java.lang.ThreadLocal, 226
java.lang.String[][], 221
java.util.concurrent.ScheduledFuture, 215
com.sun.jdi.VirtualMachine, 214
java.time.LocalDate, 211
java.util.EnumSet, 210
java.util.concurrent.BlockingQueue, 207
java.util.concurrent.locks.Condition, 207
java.awt.Robot, 205
java.awt.Image, 205
#userType[][], 201
java.util.concurrent.ExecutorCompletionService, 198
java.lang.Character, 195
java.net.InetSocketAddress, 194
java.security.Permissions, 190
javax.sql.DataSource, 189
java.util.concurrent.atomic.LongAdder, 188
java.util.concurrent.locks.ReentrantReadWriteLock, 188
java.lang.StringBuffer, 187
java.lang.Iterable, 186
java.awt.Insets, 186
javax.swing.Action, 180
java.util.ResourceBundle, 179
java.nio.charset.Charset, 177
javax.swing.JTextArea, 169
java.lang.reflect.Field, 166
java.security.SecureRandom, 166
java.util.concurrent.locks.StampedLock, 165
java.io.Writer, 162
java.lang.Byte, 160
java.lang.Process, 159
java.time.ZonedDateTime, 157
byte[][], 156
java.util.BitSet, 155
javax.swing.JRadioButton, 153
java.net.InetAddress, 153
javax.swing.ImageIcon, 149
java.io.Reader, 149
java.awt.Panel, 146
java.security.AccessControlContext, 146
javax.swing.plaf.ColorUIResource, 146
java.beans.PropertyChangeListener, 139
javax.swing.JMenuItem, 137
double[][], 136
com.sun.jdi.request.BreakpointRequest, 134
javax.swing.JTable, 133
java.io.BufferedReader, 133
java.lang.reflect.Type, 133
javax.swing.JComponent, 131
java.util.LinkedHashMap, 130
java.util.logging.Logger, 127
java.lang.Short, 126
java.awt.geom.AffineTransform, 126
com.sun.net.httpserver.HttpServer, 124
java.lang.ref.SoftReference, 123
java.util.SortedSet, 116
javax.swing.JList, 115
java.lang.Object[][], 113
javax.management.ObjectName, 112
java.time.Clock, 110
java.util.concurrent.LinkedBlockingQueue, 109
java.util.function.LongSupplier, 107
com.sun.jdi.ClassType, 106
java.net.http.HttpClient, 106
java.util.TreeMap, 105
java.lang.Number, 104
java.security.MessageDigest, 103
java.awt.event.ActionListener, 102
org.w3c.dom.Document, 101
javax.management.MBeanServer, 101
java.nio.channels.FileChannel, 101
java.lang.ref.ReferenceQueue, 101
javax.swing.JScrollPane, 100
java.lang.invoke.MethodType, 99
java.nio.file.FileSystem, 97
java.util.SortedMap, 93
java.time.ZoneId, 92
java.util.AbstractMap, 90
java.lang.Module, 89
java.io.RandomAccessFile, 89
org.xml.sax.ContentHandler, 89
javax.swing.JMenu, 88
java.lang.reflect.Constructor, 88
javax.swing.event.EventListenerList, 88
org.xml.sax.Locator, 88
java.awt.Window, 88
java.util.concurrent.Phaser, 87
java.security.Provider, 87
java.util.concurrent.Flow.Subscription, 87
javax.tools.JavaCompiler, 86
java.security.PrivateKey, 86
java.lang.Integer[], 85
java.awt.image.ColorModel, 84
java.beans.PropertyChangeSupport, 84
java.security.PublicKey, 83
java.util.concurrent.ConcurrentLinkedQueue, 83
java.security.cert.X509Certificate, 83
java.util.concurrent.TimeUnit, 82
java.util.LinkedHashSet, 82
java.awt.Dialog, 82
java.time.LocalTime, 81
javax.tools.StandardJavaFileManager, 80
java.util.Timer, 80
javax.swing.KeyStroke, 79
javax.sound.sampled.AudioFormat, 79
short[][], 79
java.nio.channels.SocketChannel, 78
java.lang.ref.Reference, 78
javax.xml.namespace.QName, 77
java.awt.Label, 77
java.util.concurrent.Future, 77
java.lang.ThreadGroup, 76
javax.swing.JPopupMenu, 75
java.util.EnumMap, 75
javax.swing.JToggleButton, 74
java.io.StringWriter, 73
float[][], 73
javax.swing.event.ChangeListener, 73
java.time.OffsetDateTime, 73
com.sun.jdi.request.EventRequestManager, 72
org.w3c.dom.Element, 71
javax.swing.Timer, 70
javax.imageio.stream.ImageInputStream, 70
javax.swing.JDialog, 70
java.util.concurrent.Callable, 70
javax.swing.border.Border, 69
java.util.ArrayDeque, 69
java.lang.Comparable, 68
java.awt.geom.Rectangle2D, 67
java.security.spec.AlgorithmParameterSpec, 67
java.io.IOException, 67
javax.swing.JTree, 66
java.nio.CharBuffer, 66
javax.accessibility.AccessibleContext, 65
java.util.Enumeration, 65
java.sql.Connection, 64
java.io.FileDescriptor, 64
java.awt.event.FocusListener, 63
java.awt.TextField, 63
javax.swing.JSlider, 63
java.util.TreeSet, 62
javax.tools.JavaFileManager, 62
java.awt.Container, 61
javax.tools.JavaFileObject, 61
javax.swing.JTabbedPane, 60
java.awt.datatransfer.DataFlavor, 60
java.util.function.BooleanSupplier, 60
java.awt.List, 59
javax.security.auth.x500.X500Principal, 59
java.nio.IntBuffer, 59
java.util.WeakHashMap, 59
javax.security.auth.Subject, 58
java.util.concurrent.locks.ReadWriteLock, 58
java.nio.charset.CharsetEncoder, 58
java.net.DatagramSocket, 58
java.awt.Color[], 58
java.awt.Shape, 57
javax.security.auth.callback.CallbackHandler, 54
java.security.Key, 54
javax.swing.JFileChooser, 54
com.sun.jdi.ObjectReference, 54
char[][], 54
java.util.function.UnaryOperator, 54
java.awt.datatransfer.Transferable, 54
javax.swing.JMenuBar, 53
java.lang.Thread[], 53
java.util.function.BiPredicate, 52
java.io.File[], 51
javax.lang.model.element.TypeElement, 51
javax.swing.event.ChangeEvent, 51
javax.lang.model.util.Elements, 51
java.nio.ByteOrder, 51
javax.swing.JEditorPane, 51
java.nio.channels.ServerSocketChannel, 51
javax.swing.JInternalFrame, 51
com.sun.source.util.Trees, 50
org.xml.sax.ext.LexicalHandler, 50
java.awt.print.PrinterJob, 50
java.util.concurrent.CopyOnWriteArrayList, 49
javax.swing.JProgressBar, 49
java.util.ListIterator, 49
java.util.Spliterator, 49
java.util.function.IntUnaryOperator[], 48
java.security.KeyStore, 48
java.lang.Void, 48
java.text.DecimalFormat, 48
javax.swing.text.AttributeSet, 47
java.io.BufferedWriter, 47
org.xml.sax.ErrorHandler, 47
java.awt.GraphicsConfiguration, 47
java.awt.event.MouseListener, 46
java.security.cert.X509Certificate[], 46
javax.swing.JFormattedTextField, 46
java.awt.Choice, 46
java.util.List[], 46
java.io.DataInputStream, 45
java.awt.FontMetrics, 45
java.io.DataOutputStream, 45
java.lang.invoke.MethodHandles.Lookup, 45
java.util.Map.Entry, 44
java.lang.RuntimeException, 44
javax.swing.tree.TreePath, 44
java.lang.ref.Cleaner.Cleanable, 44
java.awt.font.FontRenderContext, 43
javax.swing.table.TableCellRenderer, 43
java.awt.datatransfer.DataFlavor[], 43
javax.swing.JSplitPane, 43
java.text.Collator, 43
org.xml.sax.XMLReader, 43
java.util.zip.ZipFile, 42
javax.xml.parsers.DocumentBuilder, 42
java.util.jar.JarFile, 42
javax.xml.stream.XMLStreamWriter, 41
java.net.SocketAddress, 41
java.security.cert.Certificate[], 41
com.sun.jdi.event.EventSet, 40
jdk.incubator.vector.VectorMask, 40
java.awt.dnd.DragSource, 40
java.awt.image.WritableRaster, 40
java.util.Calendar, 40
long[][], 40
java.lang.reflect.Type[], 40
javax.swing.JToolBar, 40
javax.swing.ButtonGroup, 40
java.net.http.HttpResponse.BodySubscriber, 40
java.security.PermissionCollection, 40
javax.xml.stream.XMLInputFactory, 40
java.awt.print.PageFormat, 40
java.nio.LongBuffer, 39
javax.sound.sampled.AudioInputStream, 39
javax.lang.model.element.Element, 38
java.util.concurrent.ThreadFactory, 38
java.awt.Paint, 38
java.awt.image.VolatileImage, 38
java.awt.event.KeyListener, 38
javax.xml.transform.ErrorListener, 38
java.nio.channels.Selector, 38
java.text.SimpleDateFormat, 38
java.util.IdentityHashMap, 38
com.sun.jdi.Field, 38
java.util.stream.Stream, 38
java.nio.FloatBuffer, 38
javax.imageio.stream.ImageOutputStream, 38
java.text.DateFormat, 37
java.util.TimeZone, 37
java.awt.Dialog.ModalityType, 36
javax.imageio.ImageWriter, 36
boolean[][], 36
java.net.http.HttpHeaders, 36
java.util.concurrent.ArrayBlockingQueue, 35
java.util.prefs.Preferences, 35
java.awt.Cursor, 35
java.time.format.DateTimeFormatter, 35
java.awt.TrayIcon, 35
java.nio.charset.CharsetDecoder, 35
java.lang.StackTraceElement[], 34
java.awt.dnd.DropTarget, 34
java.util.function.IntBinaryOperator, 34
java.awt.event.ItemListener, 34
java.awt.MenuItem, 34
java.util.function.BinaryOperator, 34
java.awt.BasicStroke, 33
java.security.cert.CertificateFactory, 33
javax.xml.stream.XMLStreamReader, 33
javax.swing.DefaultListModel, 33
java.util.concurrent.atomic.AtomicReferenceArray, 33
java.lang.System.Logger, 33
java.io.FileOutputStream, 33
javax.swing.undo.UndoManager, 33
java.util.concurrent.Flow.Subscriber, 32
java.net.ProxySelector, 32
java.lang.Long[], 32
java.nio.ByteBuffer[], 32
java.lang.StackWalker, 31
org.xml.sax.EntityResolver, 31
java.util.function.LongConsumer, 31
java.util.concurrent.ScheduledThreadPoolExecutor, 31
java.util.random.RandomGenerator, 31
java.util.NavigableMap, 31
java.util.function.IntSupplier, 31
java.io.Serializable, 30
javax.swing.text.MutableAttributeSet, 30
java.awt.FileDialog, 30
javax.lang.model.util.Types, 30
java.lang.Appendable, 30
java.nio.file.PathMatcher, 30
java.lang.management.ThreadMXBean, 30
javax.management.MBeanServerConnection, 30
java.text.AttributedCharacterIterator, 30
javax.xml.stream.XMLOutputFactory, 30
java.nio.file.Path[], 30
java.util.Dictionary, 29
java.lang.annotation.Annotation, 29
java.text.CharacterIterator, 29
java.lang.Boolean[], 28
java.awt.event.MouseEvent, 28
javax.swing.text.JTextComponent, 28
java.util.PriorityQueue, 28
javax.xml.validation.SchemaFactory, 28
java.sql.Timestamp, 28
java.util.concurrent.ForkJoinPool, 28
java.lang.ref.SoftReference[], 27
java.awt.Canvas, 27
java.awt.Graphics, 27
java.util.function.LongBinaryOperator, 27
java.awt.color.ColorSpace, 27
java.security.Permission, 27
javax.xml.transform.URIResolver, 27
javax.swing.event.MouseInputListener, 27
java.sql.ResultSet, 27
java.util.concurrent.ThreadPoolExecutor, 27
java.nio.DoubleBuffer, 27
java.lang.Double[], 27
javax.swing.JRootPane, 26
java.util.function.ToIntFunction, 26
com.sun.source.tree.CompilationUnitTree, 26
jdk.javadoc.doclet.Reporter, 26
java.nio.channels.SelectionKey, 26
com.sun.source.util.DocTrees, 26
com.sun.net.httpserver.Headers, 26
javax.xml.validation.Schema, 26
java.awt.Graphics2D, 26
org.xml.sax.DTDHandler, 26
java.lang.Runtime.Version, 26
java.net.URLClassLoader, 26
javax.xml.stream.XMLEventReader, 26
java.util.regex.Pattern[], 26
java.awt.dnd.DragGestureListener, 26
java.nio.channels.DatagramChannel, 25
org.w3c.dom.DOMErrorHandler, 25
java.awt.geom.Point2D, 25
javax.annotation.processing.Messager, 25
java.security.Signature, 25
java.awt.RenderingHints, 25
java.sql.PreparedStatement, 25
com.sun.net.httpserver.HttpsServer, 25
java.util.function.LongPredicate, 25
java.util.jar.Manifest, 25
java.time.ZoneOffset, 25
java.util.logging.Level, 25
javax.sound.sampled.SourceDataLine, 25
java.util.function.IntFunction, 25
com.sun.jdi.Location, 24
java.security.cert.Certificate, 24
org.xml.sax.InputSource, 24
com.sun.jdi.request.ExceptionRequest, 24
java.io.ByteArrayInputStream, 24
javax.imageio.metadata.IIOMetadata, 24
java.awt.datatransfer.SystemFlavorMap, 24
javax.imageio.ImageReader, 24
com.sun.jdi.event.EventIterator, 24
com.sun.jdi.Method, 24
java.nio.file.WatchService, 24
java.io.Closeable, 24
java.net.URL[], 24
java.lang.module.ModuleDescriptor, 24
com.sun.jdi.Value, 24
javax.naming.Name, 24
java.io.ObjectInputFilter, 24
java.lang.reflect.Method[], 23
java.awt.CardLayout, 23
java.util.concurrent.ThreadLocalRandom, 23
javax.print.PrintService, 23
javax.xml.catalog.CatalogFeatures, 23
java.awt.image.Raster, 23
java.util.SplittableRandom, 23
java.lang.System.Logger.Level, 23
javax.lang.model.type.TypeMirror, 23
javax.swing.filechooser.FileSystemView, 23
java.awt.Toolkit, 22
java.text.BreakIterator, 22
java.io.ObjectOutputStream, 22
javax.tools.JavaFileManager.Location, 22
java.lang.AutoCloseable, 22
java.util.function.DoubleBinaryOperator, 22
java.lang.Record, 22
java.security.Policy, 22
javax.xml.parsers.DocumentBuilderFactory, 22
org.ietf.jgss.Oid, 22
java.io.FileInputStream, 22
java.io.PipedInputStream, 21
java.util.TimerTask, 21
java.lang.Error, 21
javax.xml.stream.XMLEventFactory, 21
java.nio.ShortBuffer, 21
java.util.zip.CRC32, 21
int[][][], 21
javax.accessibility.Accessible, 21
java.net.DatagramPacket, 21
java.awt.event.WindowListener, 21
javax.swing.CellRendererPane, 21
java.text.NumberFormat, 21
java.net.Proxy, 21
javax.swing.JDesktopPane, 21
javax.swing.JToolBar.Separator, 20
java.time.format.DateTimeFormatterBuilder, 20
javax.swing.JScrollBar, 20
javax.swing.plaf.FontUIResource, 20
java.util.stream.Collector, 20
#userType[][][], 20
java.security.AlgorithmConstraints, 20
jdk.jfr.AnnotationElement, 20
java.lang.Package, 20
javax.xml.stream.XMLEventWriter, 20
jdk.incubator.vector.VectorSpecies, 20
javax.lang.model.element.Name, 20
java.util.Map[], 20
jdk.incubator.vector.Vector, 20
javax.swing.JSeparator, 20
javax.swing.text.Document, 19
java.nio.file.attribute.BasicFileAttributes, 19
javax.swing.JCheckBoxMenuItem, 19
javax.xml.namespace.NamespaceContext, 19
javax.management.NotificationListener, 19
javax.xml.xpath.XPath, 19
java.util.function.IntConsumer, 19
sun.misc.Unsafe, 19
java.lang.module.ModuleFinder, 19
javax.print.attribute.PrintRequestAttributeSet, 19
java.awt.geom.Ellipse2D.Double, 19
java.util.ArrayList[], 19
javax.naming.Context, 19
java.io.ObjectInputStream, 19
java.awt.print.Printable, 19
java.text.MessageFormat, 19
java.util.zip.ZipOutputStream, 19
java.nio.channels.ReadableByteChannel, 19
java.awt.dnd.DropTargetListener, 18
java.util.random.RandomGenerator.SplittableGenerator, 18
java.util.Formatter, 18
java.security.cert.TrustAnchor, 18
javax.lang.model.element.PackageElement, 18
java.util.ServiceLoader, 18
java.net.http.HttpRequest, 18
java.awt.dnd.DragSourceListener, 18
javax.imageio.ImageWriteParam, 18
java.awt.event.ComponentListener, 18
java.time.temporal.TemporalUnit, 18
java.security.AlgorithmParameters, 18
org.w3c.dom.ls.LSResourceResolver, 18
com.sun.jdi.request.MethodEntryRequest, 18
java.io.BufferedInputStream, 18
javax.swing.table.JTableHeader, 18
java.awt.datatransfer.Clipboard, 18
java.util.concurrent.LinkedTransferQueue, 18
java.security.cert.PKIXBuilderParameters, 18
javax.print.DocFlavor, 18
java.time.temporal.Temporal, 18
javax.xml.xpath.XPathFactory, 18
java.awt.event.MouseMotionListener, 18
java.nio.file.attribute.FileTime, 17
java.security.interfaces.RSAPublicKey, 17
java.awt.GraphicsDevice, 17
org.xml.sax.Attributes, 17
java.awt.GradientPaint, 17
java.net.http.HttpClient.Version, 17
java.util.concurrent.ConcurrentLinkedDeque, 17
javax.swing.event.SwingPropertyChangeSupport, 17
javax.swing.filechooser.FileFilter[], 17
java.lang.Float[], 17
javax.annotation.processing.ProcessingEnvironment, 17
java.awt.geom.GeneralPath, 17
java.awt.PopupMenu, 17
java.io.PipedOutputStream, 17
java.io.StreamTokenizer, 17
com.sun.source.util.JavacTask, 16
java.awt.dnd.DragGestureRecognizer, 16
java.text.AttributedString, 16
java.lang.StackTraceElement, 16
org.w3c.dom.DOMStringList, 16
java.util.OptionalInt, 16
java.awt.LayoutManager, 16
java.util.jar.JarEntry, 16
javax.naming.ldap.Control[], 16
java.util.function.ToLongFunction, 16
java.lang.ProcessBuilder, 16
java.security.KeyPair, 16
java.net.http.HttpResponse.BodyHandler, 16
java.util.zip.ZipEntry, 16
java.awt.Rectangle[], 16
jdk.javadoc.doclet.DocletEnvironment, 16
java.lang.Compiler, 16
java.security.spec.PSSParameterSpec, 16
java.rmi.Remote, 16
java.lang.SecurityManager, 16
java.lang.management.MemoryMXBean, 16
java.awt.image.IndexColorModel, 16
java.awt.BufferCapabilities, 16
javax.swing.text.Element, 16
java.net.PasswordAuthentication, 15
java.net.HttpURLConnection, 15
java.lang.reflect.Executable, 15
javax.naming.directory.DirContext, 15
javax.swing.text.View, 15
java.net.URLConnection, 15
javax.swing.UIDefaults, 15
java.security.Provider.Service, 15
javax.swing.tree.DefaultMutableTreeNode, 15
java.util.OptionalLong, 15
java.awt.Font[], 15
java.lang.Byte[], 15
javax.management.remote.JMXConnector, 15
java.awt.Component[], 15
java.awt.event.ContainerListener, 15
java.lang.ClassValue, 15
java.lang.management.MemoryPoolMXBean, 15
java.security.ProtectionDomain, 15
java.nio.file.spi.FileSystemProvider, 15
java.awt.image.ColorConvertOp, 14
javax.tools.DiagnosticListener, 14
java.io.LineNumberReader, 14
javax.management.Descriptor, 14
java.util.concurrent.BlockingDeque, 14
java.awt.Checkbox, 14
java.lang.module.ModuleReference, 14
javax.swing.JMenuItem[], 14
com.sun.jdi.connect.ListeningConnector, 14
java.net.http.HttpRequest.BodyPublisher, 14
javax.sound.sampled.Clip, 14
javax.swing.ListSelectionModel, 14
java.security.CodeSource, 14
javax.xml.datatype.DatatypeFactory, 14
javax.xml.catalog.CatalogResolver, 14
javax.swing.JTextPane, 14
javax.xml.transform.TransformerFactory, 14
java.awt.Composite, 14
java.lang.ModuleLayer, 14
javax.management.remote.JMXConnectorServer, 14
com.sun.nio.sctp.SctpServerChannel, 14
javax.management.openmbean.CompositeData, 14
javax.management.MBeanInfo, 14
javax.management.remote.JMXServiceURL, 14
javax.imageio.ImageTypeSpecifier, 14
javax.lang.model.element.ExecutableElement, 14
java.awt.geom.Line2D.Double, 14
java.lang.reflect.Field[], 14
java.lang.Character[], 13
javax.swing.tree.TreeModel, 13
java.lang.reflect.Member, 13
java.net.NetworkInterface, 13
java.util.EventListener, 13
java.io.FilenameFilter, 13
java.io.OutputStreamWriter, 13
javax.swing.Painter, 13
javax.sound.midi.Receiver, 13
java.time.Period, 13
java.lang.Thread.UncaughtExceptionHandler, 13
org.w3c.dom.NodeList, 13
java.lang.module.ModuleDescriptor.Version, 13
java.awt.KeyboardFocusManager, 13
org.w3c.dom.ls.LSSerializerFilter, 13
java.lang.Runtime, 13
java.util.concurrent.ConcurrentHashMap.KeySetView, 13
java.math.BigDecimal[], 13
javax.xml.transform.Templates, 13
javax.xml.parsers.SAXParser, 13
javax.xml.xpath.XPathFunctionResolver, 13
javax.swing.SpinnerNumberModel, 13
java.util.function.IntUnaryOperator, 12
com.sun.jdi.connect.Transport, 12
javax.xml.xpath.XPathVariableResolver, 12
java.lang.annotation.Annotation[], 12
javax.naming.NamingException, 12
javax.swing.MenuElement[], 12
java.security.cert.X509CertSelector, 12
com.sun.nio.sctp.Association, 12
java.beans.VetoableChangeSupport, 12
com.sun.jdi.connect.spi.TransportService, 12
com.sun.source.util.TreePath, 12
java.nio.file.FileStore, 12
java.net.MulticastSocket, 12
javax.xml.stream.events.XMLEvent, 12
javax.swing.SizeRequirements, 12
java.awt.DisplayMode, 12
org.w3c.dom.Element[], 12
java.awt.font.TextHitInfo, 12
javax.swing.JFormattedTextField.AbstractFormatter, 12
javax.print.attribute.PrintServiceAttributeSet, 12
java.lang.Enum, 12
java.awt.font.TextLayout, 12
java.util.function.IntPredicate, 12
javax.imageio.plugins.jpeg.JPEGHuffmanTable[], 12
java.awt.geom.Point2D.Float, 12
java.lang.constant.ClassDesc, 12
com.sun.source.doctree.DocCommentTree, 12
java.util.function.DoubleSupplier, 12
javax.print.attribute.PrintJobAttributeSet, 12
javax.imageio.ImageReadParam, 12
javax.xml.transform.Transformer, 12
javax.swing.table.TableModel, 12
java.text.Format, 12
java.time.zone.ZoneRules, 12
com.sun.jdi.event.EventQueue, 12
java.util.Locale[], 12
java.lang.constant.MethodTypeDesc, 12
java.lang.management.MemoryUsage, 12
java.lang.Short[], 12
java.lang.Runnable[], 12
jdk.jshell.Snippet.Status, 12
javax.swing.plaf.synth.SynthStyle, 12
java.awt.GridBagConstraints, 11
java.security.Principal, 11
java.awt.image.ImageProducer, 11
javax.management.NotificationBroadcasterSupport, 11
javax.swing.tree.DefaultTreeModel, 11
java.awt.image.RenderedImage, 11
java.lang.module.Configuration, 11
java.nio.channels.CompletionHandler, 11
java.security.spec.ECParameterSpec, 11
javax.swing.text.TextAction, 11
javax.swing.event.ListSelectionListener, 11
javax.swing.InputMap, 11
java.lang.ref.WeakReference[], 11
java.lang.String[][][], 11
java.time.temporal.TemporalField, 11
java.time.YearMonth, 11
java.time.OffsetTime, 11
java.time.DayOfWeek, 11
org.xml.sax.helpers.LocatorImpl, 11
jdk.jfr.Recording, 11
java.nio.file.DirectoryStream.Filter, 11
java.awt.geom.Ellipse2D, 11
java.nio.charset.CoderResult, 11
java.security.cert.CertPath, 11
java.util.Set[], 11
java.lang.management.ClassLoadingMXBean, 11
javax.swing.Action[], 11
java.lang.reflect.AnnotatedElement, 11
java.net.ProtocolFamily, 11
java.lang.management.RuntimeMXBean, 11
java.lang.invoke.CallSite, 11
org.w3c.dom.Attr, 11
javax.swing.table.TableColumnModel, 11
java.awt.Scrollbar, 10
java.util.Currency, 10
java.awt.image.BufferStrategy, 10
java.lang.instrument.Instrumentation, 10
com.sun.jdi.request.StepRequest, 10
com.sun.source.doctree.DocTree, 10
com.sun.source.util.SourcePositions, 10
java.util.concurrent.atomic.AtomicLongArray, 10
java.time.MonthDay, 10
javax.tools.FileObject, 10
java.security.KeyPairGenerator, 10
java.time.temporal.TemporalAccessor, 10
org.ietf.jgss.GSSContext, 10
java.text.ParsePosition, 10
jdk.javadoc.doclet.Doclet, 10
java.util.List[][], 10
java.awt.ScrollPane, 10
java.io.ObjectInputFilter.Status, 10
java.security.KeyFactory, 10
java.nio.channels.SeekableByteChannel, 10
jdk.dynalink.linker.LinkerServices, 10
javax.swing.AbstractButton, 10
java.net.Authenticator, 10
com.sun.management.ThreadMXBean, 10
java.util.concurrent.CopyOnWriteArraySet, 10
java.awt.font.TextAttribute, 10
org.w3c.dom.NamedNodeMap, 10
com.sun.jdi.ArrayReference, 10
java.lang.StringBuilder[], 10
java.security.interfaces.RSAPrivateKey, 10
java.io.InputStreamReader, 10
int[][][][][][][], 10
java.nio.channels.FileLock, 10
javax.sound.midi.Sequence, 10
org.xml.sax.helpers.AttributesImpl, 10
jdk.jshell.Snippet, 10
java.nio.MappedByteBuffer, 10
javax.script.Bindings, 10
java.time.Month, 10
javax.print.Doc, 10
javax.xml.datatype.XMLGregorianCalendar, 10
javax.swing.JLayeredPane, 10
java.time.LocalDateTime[], 10
javax.swing.JColorChooser, 10
java.nio.channels.WritableByteChannel, 10
java.util.zip.Deflater, 10
java.sql.ResultSetMetaData, 10
int[][][][], 10
javax.xml.stream.Location, 10
java.util.concurrent.FutureTask, 10
java.security.interfaces.ECPublicKey, 10
javax.naming.directory.SearchControls, 9
jdk.jfr.EventType, 9
java.nio.channels.spi.AsynchronousChannelProvider, 9
javax.xml.transform.SourceLocator, 9
java.awt.datatransfer.FlavorMap, 9
java.rmi.server.UID, 9
org.w3c.dom.ls.DOMImplementationLS, 9
javax.sound.midi.Transmitter, 9
java.awt.event.MouseWheelListener, 9
java.rmi.registry.Registry, 9
javax.swing.text.Segment, 9
java.util.stream.Stream.Builder, 9
java.lang.management.CompilationMXBean, 9
java.lang.Enum[], 9
java.awt.AWTEvent, 9
javax.sound.sampled.Line.Info[], 9
javax.swing.event.ListDataListener, 9
javax.print.attribute.standard.MediaSizeName, 9
java.util.Vector[], 9
java.util.concurrent.ConcurrentSkipListSet, 9
java.util.logging.LogRecord, 9
javax.xml.crypto.URIDereferencer, 9
java.net.URLStreamHandler, 9
java.util.Base64.Encoder, 9
java.awt.image.SampleModel, 9
java.util.function.ToDoubleFunction, 9
java.awt.PaintContext, 9
java.security.KeyStore.ProtectionParameter, 9
java.awt.color.ICC_Profile, 9
java.sql.Statement, 9
java.security.Timestamp, 9
java.text.Bidi, 9
java.util.StringTokenizer, 9
javax.swing.filechooser.FileFilter, 9
java.awt.print.Pageable, 9
javax.swing.event.DocumentListener, 9
java.math.BigInteger[], 9
javax.print.PrintService[], 9
org.xml.sax.DocumentHandler, 9
java.awt.font.GlyphVector, 9
java.awt.FocusTraversalPolicy, 9
java.util.function.DoubleConsumer, 9
javax.management.NotificationFilter, 9
javax.annotation.processing.Filer, 9
java.lang.Boolean[][], 9
javax.swing.ImageIcon[], 9
java.math.RoundingMode, 9
double[][][], 8
java.nio.file.WatchKey, 8
javax.swing.border.EmptyBorder, 8
java.awt.CheckboxGroup, 8
java.awt.event.AWTEventListener, 8
org.w3c.dom.events.EventTarget, 8
java.text.Collator[], 8
java.text.RuleBasedCollator, 8
org.xml.sax.ext.DeclHandler, 8
java.io.BufferedOutputStream, 8
javax.xml.validation.Validator, 8
org.w3c.dom.Node[], 8
javax.swing.plaf.metal.MetalTheme, 8
javax.swing.Box, 8
byte[][][][], 8
java.util.function.ToLongBiFunction, 8
java.io.DataInput, 8
org.w3c.dom.traversal.NodeFilter, 8
java.awt.GridBagLayout, 8
java.security.spec.NamedParameterSpec, 8
javax.print.attribute.standard.OrientationRequested, 8
org.w3c.dom.Attr[], 8
java.util.concurrent.SubmissionPublisher, 8
char[][][][], 8
javax.sound.midi.Sequencer, 8
java.awt.Stroke, 8
javax.xml.transform.sax.TransformerHandler, 8
javax.security.sasl.SaslClient, 8
java.lang.management.ThreadInfo, 8
java.util.zip.Checksum, 8
java.util.Comparator[], 8
javax.sound.midi.MidiDevice, 8
javax.xml.validation.ValidatorHandler, 8
boolean[][][][], 8
java.time.chrono.Chronology, 8
double[][][][], 8
javax.naming.directory.Attributes, 8
org.ietf.jgss.ChannelBinding, 8
java.util.zip.Inflater, 8
java.lang.ref.Reference[], 8
javax.xml.crypto.dsig.spec.SignatureMethodParameterSpec, 8
com.sun.net.httpserver.HttpHandler, 8
float[][][][], 8
javax.lang.model.util.SimpleElementVisitor14, 8
java.io.FilePermission, 8
javax.xml.parsers.SAXParserFactory, 8
java.awt.event.WindowStateListener, 8
java.util.jar.Attributes, 8
javax.swing.ListCellRenderer, 8
java.lang.Thread.State, 8
java.awt.image.BufferedImage[], 8
java.awt.geom.Line2D, 8
javax.management.MBeanNotificationInfo[], 8
com.sun.net.httpserver.HttpExchange, 8
java.awt.MenuBar, 8
java.util.spi.ToolProvider, 8
java.net.InetAddress[], 8
java.util.Scanner, 7
java.util.concurrent.DelayQueue, 7
java.util.function.Consumer[], 7
org.xml.sax.helpers.NamespaceSupport, 7
java.text.DecimalFormatSymbols, 7
java.security.PrivilegedAction, 7
java.util.jar.JarOutputStream, 7
javax.swing.SortOrder, 7
jdk.jfr.consumer.EventStream, 7
javax.management.MBeanServerDelegate, 7
java.lang.invoke.MethodHandle[], 7
javax.swing.text.Position.Bias, 7
java.lang.ref.PhantomReference, 7
java.net.http.WebSocket, 7
javax.swing.table.DefaultTableModel, 7
java.time.LocalTime[], 7
java.awt.dnd.DragGestureEvent, 7
javax.xml.transform.Source, 7
javax.swing.JWindow, 7
java.io.CharArrayWriter, 7
java.net.CookieHandler, 7
java.lang.reflect.TypeVariable[], 7
java.time.LocalDate[], 7
javax.swing.table.TableCellEditor, 7
java.util.UUID[], 7
javax.sound.sampled.TargetDataLine, 7
javax.swing.JOptionPane, 7
java.awt.SystemTray, 7
java.awt.event.AdjustmentListener, 7
java.security.spec.ECPoint, 7
java.awt.Menu, 7
javax.swing.JPasswordField, 7
java.security.interfaces.DSAParams, 7
javax.swing.DefaultComboBoxModel, 7
javax.sound.sampled.DataLine.Info, 7
javax.swing.tree.TreeCellRenderer, 7
java.awt.TexturePaint, 7
java.time.OffsetDateTime[], 7
javax.print.attribute.standard.MediaSize, 7
java.awt.geom.Rectangle2D.Double, 7
java.io.DataOutput, 7
java.awt.Component[][], 7
javax.swing.DesktopManager, 6
javax.swing.JPanel[], 6
com.sun.jdi.request.AccessWatchpointRequest[], 6
javax.swing.tree.TreeSelectionModel, 6
java.awt.im.spi.InputMethodContext, 6
java.lang.Object[][][], 6
java.util.OptionalDouble, 6
javax.print.attribute.standard.MediaTray[], 6
java.nio.channels.SelectableChannel, 6
javax.xml.xpath.XPathFunction, 6
com.sun.jdi.Value[], 6
javax.annotation.processing.Processor, 6
java.time.ZoneOffset[], 6
com.sun.jdi.connect.Connector, 6
jdk.jfr.consumer.RecordedEvent[], 6
javax.swing.tree.DefaultMutableTreeNode[], 6
javax.swing.event.TreeModelListener, 6
java.awt.font.TextLayout[], 6
javax.swing.SizeRequirements[], 6
javax.management.MBeanAttributeInfo[], 6
javax.swing.text.Position, 6
java.applet.Applet, 6
java.awt.geom.Arc2D, 6
javax.script.ScriptEngine, 6
java.security.cert.PKIXRevocationChecker, 6
short[][][][], 6
javax.sql.rowset.RowSetMetaDataImpl, 6
javax.print.attribute.standard.Sides, 6
java.security.interfaces.ECPrivateKey, 6
javax.naming.Binding, 6
java.lang.annotation.RetentionPolicy, 6
javax.swing.MenuSelectionManager, 6
javax.swing.ProgressMonitor, 6
java.lang.constant.ConstantDesc, 6
java.io.OutputStream[], 6
javax.print.attribute.standard.MediaSizeName[], 6
javax.accessibility.Accessible[], 6
java.nio.file.attribute.UserPrincipal, 6
java.lang.ClassLoader[], 6
java.awt.GridLayout, 6
com.sun.security.auth.UserPrincipal, 6
javax.swing.border.CompoundBorder, 6
com.sun.security.auth.UnixPrincipal, 6
javax.swing.text.DocumentFilter, 6
java.awt.geom.Point2D.Double, 6
javax.swing.colorchooser.AbstractColorChooserPanel[], 6
java.awt.Polygon, 6
java.util.concurrent.Exchanger, 6
java.awt.print.PrinterException, 6
javax.management.openmbean.OpenType, 6
jdk.jshell.SourceCodeAnalysis, 6
javax.imageio.plugins.jpeg.JPEGQTable[], 6
java.time.temporal.TemporalQuery, 6
long[][][][], 6
javax.sound.midi.MidiChannel, 6
javax.naming.NamingEnumeration, 6
java.util.concurrent.atomic.AtomicIntegerArray, 6
java.util.Optional[], 6
javax.swing.table.DefaultTableCellRenderer, 6
java.lang.reflect.Constructor[], 6
javax.swing.LayoutStyle.ComponentPlacement, 6
javax.xml.transform.Result, 6
java.net.SocketPermission, 6
java.awt.geom.CubicCurve2D, 6
javax.swing.tree.TreeCellEditor, 6
javax.sound.sampled.Control[], 6
org.w3c.dom.DocumentType, 6
javax.swing.plaf.synth.SynthPainter, 6
org.ietf.jgss.GSSCredential, 6
java.security.interfaces.XECPublicKey, 6
java.net.http.HttpResponse.PushPromiseHandler, 6
javax.print.attribute.standard.PageRanges, 6
java.nio.channels.Pipe, 6
javax.swing.text.Style, 6
com.sun.jdi.request.EventRequest[], 6
java.util.concurrent.SynchronousQueue, 6
java.time.chrono.ChronoLocalDate, 6
jdk.jshell.JShell, 6
java.net.CacheRequest, 6
javax.swing.event.MenuKeyListener, 6
javax.swing.event.TreeExpansionListener, 6
java.nio.file.attribute.GroupPrincipal, 6
java.util.concurrent.Flow.Publisher, 6
java.security.CodeSigner[], 6
jdk.jfr.consumer.RecordedEvent, 6
javax.swing.text.StyleContext, 6
java.security.Principal[], 6
java.util.concurrent.atomic.DoubleAdder, 6
javax.swing.JRadioButtonMenuItem, 6
java.rmi.server.ObjID, 6
java.net.HttpCookie, 6
java.awt.image.ImageConsumer, 6
javax.xml.stream.XMLReporter, 6
org.xml.sax.helpers.DefaultHandler, 6
jdk.jfr.RecordingState, 6
java.security.cert.CertSelector, 6
java.awt.image.ImageObserver, 6
java.awt.font.GraphicAttribute, 6
javax.tools.Diagnostic.Kind, 6
javax.lang.model.element.VariableElement, 6
jdk.jshell.spi.ExecutionControl, 6
java.awt.BorderLayout, 6
javax.security.auth.kerberos.KerberosTicket, 6
com.sun.jdi.event.EventSet[], 6
com.sun.source.util.TaskListener, 6
java.sql.Date, 6
float[][][], 6
com.sun.jdi.event.Event, 6
com.sun.jdi.request.EventRequest, 6
java.beans.PropertyDescriptor, 6
com.sun.jdi.request.ClassPrepareRequest, 6
java.lang.invoke.SwitchPoint, 5
javax.swing.text.DefaultStyledDocument, 5
java.util.Enumeration[], 5
byte[][][], 5
java.util.Base64.Decoder, 5
java.awt.EventQueue, 5
java.awt.event.ActionEvent, 5
org.xml.sax.Parser, 5
javax.print.attribute.HashPrintRequestAttributeSet, 5
javax.swing.MenuElement, 5
javax.xml.stream.EventFilter, 5
javax.naming.Reference, 5
java.awt.font.NumericShaper, 5
java.util.concurrent.PriorityBlockingQueue, 5
javax.security.auth.x500.X500Principal[], 5
javax.security.auth.login.LoginContext, 5
javax.swing.plaf.synth.Region, 5
java.sql.SQLException, 5
org.ietf.jgss.GSSManager, 5
javax.swing.text.StyledDocument, 5
java.awt.event.MouseAdapter, 5
java.rmi.server.RMIClientSocketFactory, 5
java.util.concurrent.locks.Lock[], 5
java.util.concurrent.atomic.LongAccumulator, 5
javax.xml.transform.stream.StreamSource, 5
java.lang.ProcessHandle, 5
java.awt.GraphicsDevice[], 5
java.awt.image.ImageFilter, 5
java.awt.MultipleGradientPaint.ColorSpaceType, 5
java.net.http.HttpClient.Redirect, 5
java.awt.dnd.DragSourceContext, 5
javax.tools.Diagnostic, 5
java.awt.event.HierarchyListener, 5
java.lang.management.GarbageCollectorMXBean, 5
java.io.FileWriter, 5
java.nio.channels.Channel, 5
java.util.concurrent.CompletionStage, 5
java.awt.MultipleGradientPaint.CycleMethod, 5
java.lang.reflect.ParameterizedType, 5
javax.xml.crypto.KeySelector, 5
java.util.SimpleTimeZone, 5
javax.swing.border.TitledBorder, 5
javax.swing.ButtonModel, 5
java.awt.datatransfer.StringSelection, 5
java.lang.reflect.AnnotatedType[], 5
java.util.concurrent.Future[], 5
java.awt.PrintJob, 5
java.util.GregorianCalendar, 5
java.awt.Adjustable, 5
java.io.FilePermission[], 5
java.nio.channels.SelectionKey[], 5
java.awt.Image[], 5
java.awt.geom.Point2D[], 5
java.util.concurrent.LinkedBlockingDeque, 5
java.rmi.server.RMIServerSocketFactory, 5
java.awt.font.LineBreakMeasurer, 5
javax.swing.JInternalFrame.JDesktopIcon, 5
javax.naming.ldap.LdapContext, 5
java.awt.geom.PathIterator, 5
javax.swing.RowFilter, 5
java.util.function.LongFunction, 5
javax.swing.JLabel[], 5
java.security.cert.CRLReason, 5
short[][][], 5
java.util.Date[], 5
javax.xml.datatype.Duration, 5
java.util.concurrent.atomic.AtomicMarkableReference, 5
java.util.LongSummaryStatistics, 5
javax.sound.midi.Track, 5
javax.management.Notification, 5
javax.swing.LookAndFeel, 5
javax.swing.text.ViewFactory, 5
java.security.cert.X509CRL, 5
javax.xml.crypto.dsig.CanonicalizationMethod, 4
javax.swing.filechooser.FileView, 4
com.sun.nio.sctp.SctpChannel, 4
java.lang.StackWalker.StackFrame[], 4
com.sun.source.util.TaskEvent, 4
java.util.stream.DoubleStream, 4
com.sun.jdi.connect.LaunchingConnector, 4
jdk.dynalink.linker.GuardedInvocationTransformer, 4
javax.security.auth.kerberos.KeyTab, 4
java.time.chrono.HijrahDate, 4
com.sun.jdi.ClassLoaderReference, 4
javax.swing.table.TableRowSorter, 4
java.util.stream.LongStream, 4
java.time.temporal.ChronoUnit, 4
org.ietf.jgss.Oid[], 4
javax.lang.model.element.ModuleElement, 4
java.awt.Panel[], 4
java.util.concurrent.RunnableScheduledFuture, 4
javax.print.attribute.standard.PrinterName, 4
org.xml.sax.ext.Locator2, 4
java.sql.Clob, 4
java.lang.annotation.RetentionPolicy[], 4
java.lang.Comparable[], 4
com.sun.jdi.ThreadGroupReference, 4
java.time.Instant[], 4
java.lang.ThreadGroup[], 4
com.sun.security.auth.UnixNumericUserPrincipal, 4
javax.xml.crypto.dsig.XMLSignatureFactory, 4
org.w3c.dom.DocumentFragment, 4
java.security.spec.RSAPublicKeySpec, 4
javax.xml.xpath.XPathExpression, 4
javax.xml.transform.stream.StreamResult, 4
org.w3c.dom.ls.LSInput[], 4
java.security.spec.EdDSAParameterSpec, 4
com.sun.nio.sctp.SctpMultiChannel, 4
java.net.http.WebSocket.Listener, 4
java.lang.Readable, 4
javax.management.MBeanOperationInfo[], 4
org.w3c.dom.UserDataHandler, 4
javax.script.ScriptContext, 4
javax.xml.crypto.Data, 4
org.w3c.dom.CDATASection, 4
javax.swing.text.Element[], 4
com.sun.management.GcInfo, 4
java.util.zip.CRC32C, 4
java.awt.Container[], 4
java.util.logging.Formatter, 4
com.sun.tools.attach.spi.AttachProvider, 4
org.w3c.dom.ls.LSParserFilter, 4
com.sun.source.tree.ModuleTree.ModuleKind, 4
javax.naming.event.EventContext, 4
com.sun.jdi.ObjectReference[], 4
jdk.dynalink.linker.MethodTypeConversionStrategy, 4
javax.script.ScriptEngineManager, 4
java.util.function.DoublePredicate, 4
javax.swing.DefaultListSelectionModel, 4
java.io.FileInputStream[], 4
javax.swing.plaf.metal.MetalBorders.ButtonBorder, 4
java.io.ObjectOutput, 4
java.util.NavigableSet, 4
java.net.ContentHandlerFactory, 4
javax.swing.event.TreeSelectionListener, 4
java.lang.management.OperatingSystemMXBean, 4
boolean[][][], 4
com.sun.management.OperatingSystemMXBean, 4
com.sun.jdi.connect.spi.Connection, 4
com.sun.jdi.request.VMDeathRequest, 4
java.lang.management.ThreadInfo[], 4
com.sun.security.auth.UnixNumericGroupPrincipal, 4
java.lang.reflect.GenericDeclaration, 4
java.lang.ref.Cleaner, 4
com.sun.jdi.LocalVariable, 4
java.security.cert.PKIXParameters, 4
javax.print.attribute.standard.MediaPrintableArea[], 4
java.nio.Buffer[], 4
org.w3c.dom.DOMImplementation, 4
jdk.dynalink.CallSiteDescriptor, 4
java.lang.reflect.AnnotatedType, 4
org.w3c.dom.NodeList[], 4
javax.imageio.spi.ServiceRegistry, 4
java.lang.reflect.Parameter, 4
javax.swing.table.AbstractTableModel, 4
java.awt.GraphicsConfiguration[], 4
org.xml.sax.ext.EntityResolver2, 4
java.net.CookiePolicy, 4
jdk.jshell.SourceCodeAnalysis.Completeness, 4
javax.print.attribute.standard.PrinterResolution[], 4
java.util.function.LongUnaryOperator, 4
com.sun.jdi.VoidValue, 4
java.io.ObjectInput, 4
java.awt.Window.Type, 4
javax.swing.SwingWorker, 4
java.nio.file.LinkOption[], 4
javax.security.auth.login.AppConfigurationEntry[], 4
org.xml.sax.AttributeList, 4
java.lang.Throwable[], 4
com.sun.source.doctree.DocTreeVisitor, 4
java.io.EOFException, 4
javax.management.MBeanServerBuilder, 4
javax.naming.ldap.LdapName, 4
javax.swing.Popup, 4
jdk.incubator.vector.FloatVector, 4
javax.sql.rowset.spi.SyncProvider, 4
java.util.concurrent.locks.ReentrantLock[], 4
com.sun.jdi.request.BreakpointRequest[], 4
java.awt.Dialog.ModalExclusionType, 4
javax.print.PrintException, 4
com.sun.net.httpserver.HttpsConfigurator, 4
java.sql.Array, 4
javax.security.auth.login.Configuration, 4
com.sun.net.httpserver.Filter.Chain, 4
java.util.stream.IntStream, 4
javax.swing.plaf.basic.BasicDirectoryModel, 4
java.awt.image.BufferedImageOp, 4
javax.xml.transform.sax.SAXTransformerFactory, 4
com.sun.net.httpserver.Authenticator, 4
java.lang.invoke.MethodType[], 4
java.nio.channels.AsynchronousByteChannel, 4
javax.swing.DefaultListCellRenderer, 4
java.awt.Button[], 4
javax.management.MBeanConstructorInfo[], 4
javax.xml.crypto.dsig.DigestMethod, 4
org.w3c.dom.events.EventListener, 4
java.lang.reflect.InvocationHandler, 4
java.awt.geom.Area, 4
java.util.Locale.Builder, 4
javax.xml.crypto.dsig.keyinfo.KeyInfo, 4
org.xml.sax.SAXException, 4
javax.management.loading.ClassLoaderRepository, 4
java.awt.Point[], 4
java.util.logging.LoggingMXBean, 4
jdk.jshell.spi.ExecutionControlProvider, 4
java.util.concurrent.CountedCompleter, 4
javax.tools.DocumentationTool, 4
java.sql.Ref, 4
jdk.dynalink.linker.MethodHandleTransformer, 4
long[][][], 4
com.sun.management.HotSpotDiagnosticMXBean, 4
java.lang.System, 4
javax.swing.event.MouseInputAdapter, 4
java.util.logging.StreamHandler, 4
javax.swing.text.Position.Bias[], 4
java.awt.geom.Path2D, 4
java.util.concurrent.atomic.AtomicInteger[], 4
java.nio.file.WatchEvent.Kind, 4
javax.security.auth.kerberos.KerberosPrincipal, 4
java.awt.geom.RoundRectangle2D, 4
java.security.spec.RSAPrivateKeySpec, 4
javax.security.auth.spi.LoginModule, 3
java.lang.Character.Subset[], 3
javax.swing.event.PopupMenuListener, 3
java.nio.channels.AsynchronousChannel, 3
java.awt.event.InputEvent, 3
javax.imageio.plugins.tiff.TIFFField, 3
java.awt.print.Paper, 3
javax.print.ServiceUIFactory, 3
javax.swing.LayoutStyle, 3
java.net.Inet6Address, 3
java.security.cert.PolicyNode, 3
java.lang.RuntimePermission, 3
javax.swing.tree.AbstractLayoutCache, 3
javax.swing.colorchooser.ColorSelectionModel, 3
java.nio.file.attribute.FileAttributeView, 3
javax.swing.text.ElementIterator, 3
java.util.PrimitiveIterator.OfDouble, 3
java.security.cert.CertStore, 3
java.awt.image.VolatileImage[], 3
java.awt.dnd.DragSourceEvent, 3
java.awt.event.WindowFocusListener, 3
java.awt.event.WindowAdapter, 3
javax.xml.stream.XMLResolver, 3
java.awt.color.ColorSpace[], 3
javax.management.openmbean.OpenType[], 3
java.text.spi.CollatorProvider, 3
javax.swing.event.MenuEvent, 3
java.awt.im.spi.InputMethod, 3
java.awt.Dimension[], 3
javax.swing.text.AttributeSet[], 3
java.beans.VetoableChangeListener, 3
javax.xml.validation.TypeInfoProvider, 3
javax.sound.sampled.Port.Info[], 3
java.util.PrimitiveIterator.OfLong, 3
java.awt.im.InputMethodRequests, 3
javax.swing.text.EditorKit, 3
java.nio.charset.spi.CharsetProvider, 3
java.lang.StackWalker.StackFrame, 3
javax.swing.KeyStroke[], 3
javax.swing.DropMode, 3
java.awt.image.DirectColorModel, 3
javax.swing.AbstractAction, 3
javax.xml.transform.Source[], 3
java.applet.AppletContext, 3
java.lang.module.ModuleReader, 3
java.net.spi.URLStreamHandlerProvider, 3
jdk.jfr.FlightRecorderListener, 3
java.net.CacheResponse, 3
javax.swing.event.InternalFrameListener, 3
com.sun.tools.attach.VirtualMachine, 3
java.util.concurrent.atomic.AtomicReferenceArray[], 3
javax.swing.event.MenuDragMouseListener, 3
javax.management.openmbean.TabularType, 3
javax.swing.event.TableModelListener, 3
javax.swing.tree.DefaultTreeCellRenderer, 3
java.io.StringReader, 3
javax.sound.sampled.AudioFormat[], 3
javax.xml.crypto.KeySelectorResult, 3
java.text.spi.DateFormatSymbolsProvider, 3
java.awt.PageAttributes, 3
java.beans.ExceptionListener, 3
java.util.zip.ZipInputStream, 3
java.net.ResponseCache, 3
javax.swing.event.DocumentEvent.EventType, 3
javax.swing.tree.TreePath[], 3
java.rmi.dgc.VMID, 3
java.lang.management.MonitorInfo, 3
javax.swing.RootPaneContainer, 3
javax.xml.crypto.dsig.SignedInfo, 3
java.lang.reflect.GenericArrayType, 3
java.security.cert.CertPathParameters, 3
java.awt.image.DataBufferByte, 3
javax.swing.ComboBoxModel, 3
java.awt.geom.Path2D.Double, 3
java.awt.im.spi.InputMethodDescriptor, 3
java.text.AttributedCharacterIterator.Attribute[], 3
java.security.KeyStoreSpi, 3
java.security.cert.X509Extension[], 3
javax.tools.DiagnosticCollector, 3
java.security.ProtectionDomain[], 3
java.awt.geom.Dimension2D[], 3
javax.swing.ComboBoxEditor, 3
java.text.spi.DateFormatProvider, 3
javax.sound.sampled.AudioFileFormat.Type[], 3
java.text.spi.NumberFormatProvider, 3
java.security.DrbgParameters.Capability, 3
javax.swing.SpringLayout, 3
java.math.MathContext, 3
java.awt.geom.Rectangle2D.Float, 3
javax.swing.text.SimpleAttributeSet, 3
java.awt.event.KeyAdapter, 3
java.security.spec.MGF1ParameterSpec, 3
javax.swing.plaf.LayerUI, 3
java.time.Year, 3
java.lang.Exception[], 3
javax.swing.UIManager.LookAndFeelInfo[], 3
java.awt.CompositeContext, 3
javax.swing.text.DefaultCaret, 3
javax.sound.sampled.Mixer, 3
java.lang.management.LockInfo, 3
javax.swing.JRadioButton[], 3
javax.swing.plaf.synth.SynthContext, 3
java.util.regex.MatchResult, 3
java.util.spi.TimeZoneNameProvider, 3
java.util.ServiceLoader.Provider, 3
javax.swing.plaf.ComponentUI, 3
javax.swing.event.MenuListener, 3
javax.swing.text.html.HTML.Tag, 3
javax.swing.tree.AbstractLayoutCache.NodeDimensions, 3
java.util.zip.GZIPOutputStream, 3
java.text.AttributedCharacterIterator.Attribute, 3
javax.swing.JToolTip, 3
java.lang.reflect.TypeVariable, 3
java.time.InstantSource, 3
java.util.Collection[], 3
java.util.function.Supplier[], 3
javax.sound.midi.MidiDevice.Info, 3
javax.swing.plaf.synth.SynthGraphicsUtils, 3
java.text.spi.DecimalFormatSymbolsProvider, 3
java.util.function.ToIntBiFunction, 3
java.lang.management.MemoryNotificationInfo, 3
javax.xml.stream.StreamFilter, 3
java.lang.ClassNotFoundException, 3
javax.swing.JComboBox.KeySelectionManager, 3
javax.imageio.plugins.jpeg.JPEGImageWriteParam, 3
java.awt.dnd.DropTargetContext, 3
javax.swing.event.TableModelEvent, 3
javax.swing.undo.UndoableEdit, 3
javax.sql.CommonDataSource, 3
javax.script.ScriptEngineFactory, 3
java.net.Inet4Address, 3
java.security.spec.DSAParameterSpec, 3
java.util.spi.CalendarNameProvider, 3
javax.xml.stream.events.EntityDeclaration, 3
javax.swing.event.CellEditorListener, 3
javax.swing.text.html.HTMLEditorKit.ParserCallback, 3
javax.print.attribute.standard.PrinterResolution, 3
java.nio.channels.spi.SelectorProvider, 3
javax.sound.midi.VoiceStatus, 3
java.awt.event.TextListener, 3
javax.print.attribute.DocAttributeSet, 3
javax.swing.event.TreeExpansionEvent, 3
javax.print.attribute.standard.DialogOwner, 3
javax.sound.midi.ControllerEventListener, 3
java.nio.channels.MulticastChannel, 3
java.lang.instrument.ClassFileTransformer, 3
javax.management.openmbean.CompositeType, 3
java.awt.event.InputMethodListener, 3
javax.sound.sampled.Line.Info, 3
javax.print.attribute.standard.Media, 3
javax.imageio.plugins.tiff.TIFFTag, 3
java.awt.event.KeyEvent, 3
javax.management.DynamicMBean, 3
javax.xml.xpath.XPathEvaluationResult.XPathResultType, 3
java.util.spi.CurrencyNameProvider, 3
javax.imageio.spi.ImageWriterSpi, 3
javax.swing.ImageIcon[][], 3
java.util.EventObject, 3
java.net.http.HttpResponse, 3
java.lang.Number[], 3
javax.swing.plaf.basic.BasicComboBoxRenderer, 3
javax.management.modelmbean.ModelMBeanInfo, 3
java.util.spi.CalendarDataProvider, 3
javax.management.ObjectInstance, 3
java.util.spi.LocaleNameProvider, 3
java.util.function.ToDoubleBiFunction, 3
java.text.spi.BreakIteratorProvider, 3
javax.swing.JToggleButton[], 3
javax.swing.ActionMap, 3
javax.sound.sampled.AudioFormat.Encoding[], 3
java.io.FileFilter, 3
javax.sound.sampled.Mixer.Info, 3
javax.xml.stream.util.XMLEventAllocator, 3
java.awt.JobAttributes, 3
javax.imageio.spi.ImageReaderSpi, 3
java.awt.event.FocusEvent.Cause, 3
java.util.concurrent.ConcurrentNavigableMap, 3
javax.swing.JPopupMenu.Separator, 3
java.util.logging.LogManager, 3
javax.sound.midi.Patch, 3
javax.smartcardio.Card, 3
javax.sound.midi.Track[], 3
java.net.Authenticator.RequestorType, 3
java.awt.event.HierarchyBoundsListener, 3
java.sql.Blob, 3
java.awt.GraphicsEnvironment, 3
com.sun.net.httpserver.HttpContext, 3
java.awt.color.ICC_Profile[], 3
java.security.cert.X509CRL[], 3
javax.swing.plaf.FontUIResource[], 3
java.awt.im.InputContext, 3
jdk.jfr.ValueDescriptor, 3
java.io.PushbackReader, 3
javax.xml.catalog.CatalogFeatures.Builder, 3
javax.print.attribute.Attribute, 3
jdk.dynalink.linker.TypeBasedGuardingDynamicLinker, 2
java.nio.file.FileVisitResult, 2
java.nio.channels.InterruptibleChannel, 2
java.beans.BeanInfo, 2
com.sun.source.tree.Tree, 2
com.sun.jdi.event.BreakpointEvent, 2
javax.swing.table.TableColumn, 2
java.sql.Driver, 2
javax.annotation.processing.RoundEnvironment, 2
javax.management.modelmbean.ModelMBeanNotificationBroadcaster, 2
jdk.dynalink.linker.GuardingDynamicLinker, 2
java.lang.annotation.Documented, 2
javax.sql.rowset.spi.XmlReader, 2
com.sun.net.httpserver.Filter, 2
java.rmi.server.RemoteRef, 2
jdk.dynalink.DynamicLinker, 2
java.nio.channels.AsynchronousFileChannel, 2
com.sun.jdi.ShortType, 2
javax.xml.crypto.dsig.spec.DigestMethodParameterSpec, 2
java.awt.image.ConvolveOp, 2
int[][][][][][], 2
com.sun.management.VMOption.Origin, 2
javax.sound.sampled.DataLine, 2
com.sun.jdi.BooleanType, 2
org.xml.sax.InputSource[], 2
com.sun.jdi.LongValue, 2
java.lang.AssertionError, 2
java.util.concurrent.CompletableFuture[], 2
javax.swing.CellEditor, 2
java.awt.MenuContainer, 2
java.util.Spliterator.OfDouble, 2
java.awt.image.LookupOp, 2
java.sql.Time, 2
javax.xml.crypto.dsig.SignatureMethod, 2
javax.management.NotificationEmitter, 2
javax.tools.JavaCompiler.CompilationTask, 2
javax.naming.CannotProceedException, 2
javax.sql.RowSetMetaData, 2
com.sun.source.util.DocTreeScanner, 2
java.util.concurrent.locks.ReentrantReadWriteLock.ReadLock, 2
java.util.jar.JarInputStream, 2
javax.xml.stream.events.StartElement, 2
javax.lang.model.element.ElementKind, 2
javax.swing.JViewport, 2
java.io.PushbackInputStream, 2
javax.sql.rowset.FilteredRowSet, 2
javax.sql.rowset.spi.XmlWriter, 2
java.rmi.server.ObjID[], 2
java.awt.AlphaComposite, 2
com.sun.jdi.ByteValue, 2
java.awt.LinearGradientPaint, 2
java.time.ZonedDateTime[], 2
java.awt.Label[], 2
com.sun.source.util.DocSourcePositions, 2
com.sun.security.auth.NTSidDomainPrincipal, 2
javax.xml.crypto.dom.DOMStructure, 2
java.nio.file.OpenOption[], 2
javax.xml.crypto.dsig.TransformService, 2
com.sun.source.doctree.StartElementTree, 2
java.io.FileReader, 2
java.lang.ClassLoader[][], 2
javax.imageio.plugins.bmp.BMPImageWriteParam, 2
com.sun.source.util.ParameterNameProvider, 2
com.sun.jdi.request.MonitorWaitedRequest, 2
java.util.concurrent.ExecutorService[], 2
java.net.http.HttpClient.Builder, 2
java.util.PrimitiveIterator.OfInt, 2
java.util.AbstractList, 2
java.util.ResourceBundle.Control, 2
java.awt.CheckboxMenuItem, 2
javax.sql.rowset.serial.SerialDatalink, 2
javax.swing.text.PlainDocument, 2
java.io.ObjectStreamField[], 2
java.time.zone.ZoneOffsetTransitionRule[], 2
com.sun.jdi.ModuleReference, 2
java.util.stream.Stream[], 2
javax.transaction.xa.Xid, 2
com.sun.jdi.FloatType, 2
java.util.concurrent.TransferQueue, 2
java.awt.event.ComponentAdapter, 2
jdk.javadoc.doclet.Taglet, 2
javax.naming.event.NamingListener, 2
javax.swing.JRadioButtonMenuItem[], 2
com.sun.jdi.IntegerType, 2
java.awt.image.RasterOp, 2
java.awt.Cursor[], 2
com.sun.source.util.TaskEvent.Kind, 2
java.nio.channels.DatagramChannel[], 2
javax.sound.sampled.Mixer.Info[], 2
java.rmi.dgc.DGC, 2
javax.tools.StandardJavaFileManager.PathFactory, 2
jdk.dynalink.Operation, 2
java.lang.SecurityException, 2
javax.sql.rowset.spi.TransactionalWriter, 2
com.sun.jdi.request.MonitorContendedEnteredRequest, 2
java.awt.dnd.DragSourceAdapter, 2
java.awt.ContainerOrderFocusTraversalPolicy, 2
java.awt.geom.QuadCurve2D, 2
java.nio.file.attribute.PosixFileAttributeView, 2
char[][][], 2
java.awt.geom.Ellipse2D.Float[], 2
javax.swing.text.DefaultEditorKit.DefaultKeyTypedAction, 2
java.lang.invoke.TypeDescriptor, 2
javax.naming.ldap.LdapReferralException, 2
java.nio.channels.AsynchronousSocketChannel, 2
com.sun.source.tree.Scope, 2
java.util.Map.Entry[], 2
javax.tools.StandardLocation, 2
java.lang.Thread[][], 2
com.sun.source.tree.BinaryTree, 2
com.sun.jdi.ByteType, 2
java.util.Spliterator.OfLong, 2
javax.print.attribute.standard.NumberUp, 2
java.util.PropertyResourceBundle, 2
jdk.javadoc.doclet.DocletEnvironment.ModuleMode, 2
com.sun.security.auth.NTSidPrimaryGroupPrincipal, 2
java.lang.StackOverflowError, 2
java.util.function.ToLongFunction[], 2
javax.security.auth.kerberos.KerberosKey[], 2
jdk.dynalink.linker.GuardedInvocation, 2
java.util.concurrent.locks.ReentrantReadWriteLock.WriteLock, 2
javax.swing.plaf.metal.MetalTheme[], 2
java.security.Provider[], 2
java.lang.Object[][][][], 2
java.awt.font.TextHitInfo[], 2
com.sun.jdi.LongType, 2
java.net.SocketOption, 2
javax.print.attribute.HashDocAttributeSet, 2
javax.xml.crypto.dsig.spec.C14NMethodParameterSpec, 2
jdk.dynalink.SecureLookupSupplier, 2
javax.imageio.spi.IIORegistry, 2
com.sun.security.auth.NTUserPrincipal, 2
java.awt.geom.Line2D[], 2
java.net.CookieManager, 2
java.rmi.server.Skeleton, 2
com.sun.jdi.ReferenceType[], 2
javax.imageio.IIOImage, 2
com.sun.jdi.ClassObjectReference, 2
javax.sql.rowset.serial.SQLOutputImpl, 2
java.net.URI[], 2
java.beans.Expression, 2
com.sun.source.tree.ExpressionTree, 2
javax.management.MBeanServerNotification, 2
com.sun.source.doctree.DocTree.Kind, 2
java.io.InputStream[], 2
javax.swing.plaf.synth.SynthIcon, 2
java.sql.SQLWarning, 2
java.lang.Class[][], 2
com.sun.jdi.ShortValue, 2
java.nio.IntBuffer[], 2
java.beans.PropertyEditor, 2
javax.sql.RowSetWriter, 2
javax.accessibility.AccessibleRole[], 2
javax.xml.crypto.dsig.Transform, 2
javax.sound.sampled.FloatControl, 2
javax.swing.AbstractAction[], 2
javax.imageio.stream.ImageInputStreamImpl, 2
com.sun.jdi.StackFrame, 2
java.util.zip.Adler32, 2
com.sun.jdi.request.MonitorWaitRequest, 2
java.io.FileOutputStream[], 2
jdk.jfr.Configuration, 2
java.net.http.HttpResponse.ResponseInfo, 2
javax.print.attribute.standard.MediaSize[], 2
com.sun.jdi.connect.spi.TransportService.ListenKey, 2
java.nio.channels.Pipe.SourceChannel, 2
com.sun.source.tree.ClassTree, 2
javax.lang.model.element.ElementVisitor, 2
java.awt.RadialGradientPaint, 2
javax.management.MBeanOperationInfo, 2
com.sun.security.auth.LdapPrincipal, 2
java.util.function.ObjLongConsumer, 2
java.awt.Point[][], 2
java.rmi.server.LogStream, 2
javax.security.auth.x500.X500PrivateCredential, 2
java.text.Normalizer.Form, 2
java.util.function.Function[], 2
javax.security.auth.callback.ConfirmationCallback, 2
javax.swing.event.UndoableEditListener, 2
java.awt.desktop.QuitStrategy, 2
java.awt.Shape[], 2
javax.naming.directory.BasicAttributes, 2
java.lang.Module[], 2
java.lang.management.MemoryPoolMXBean[], 2
javax.naming.NameParser, 2
javax.swing.event.AncestorListener, 2
java.lang.module.ModuleDescriptor.Requires.Modifier, 2
com.sun.jdi.CharType, 2
java.util.Spliterator.OfInt, 2
jdk.jfr.FlightRecorder, 2
java.lang.Process[], 2
com.sun.management.VMOption, 2
com.sun.net.httpserver.BasicAuthenticator, 2
java.sql.Struct, 2
jdk.jfr.consumer.RecordedObject, 2
java.util.concurrent.CountDownLatch[], 2
com.sun.source.util.TreeScanner, 2
java.nio.channels.AsynchronousChannelGroup, 2
javax.naming.directory.SearchResult, 2
com.sun.jdi.BooleanValue, 2
java.util.Date[][], 2
java.awt.image.Raster[], 2
java.util.function.DoubleUnaryOperator, 2
javax.swing.SpinnerListModel, 2
java.awt.ScrollPaneAdjustable, 2
javax.sql.rowset.Predicate, 2
java.util.function.Predicate[], 2
java.awt.MenuComponent, 2
java.lang.StackWalker.Option, 2
java.util.AbstractQueue, 2
com.sun.source.util.DocTreePathScanner, 2
java.util.DoubleSummaryStatistics, 2
java.time.format.DateTimeFormatter[], 2
java.util.concurrent.RejectedExecutionHandler, 2
com.sun.jdi.request.MethodExitRequest, 2
javax.sound.midi.Instrument[], 2
sun.misc.SignalHandler, 2
com.sun.management.GarbageCollectionNotificationInfo, 2
java.lang.instrument.ClassFileTransformer[], 2
java.time.format.DecimalStyle, 2
jdk.dynalink.linker.LinkRequest, 2
javax.management.openmbean.TabularData, 2
com.sun.source.tree.TreeVisitor, 2
com.sun.jdi.FloatValue, 2
java.awt.SecondaryLoop, 2
java.io.Closeable[], 2
com.sun.jdi.connect.spi.TransportService.Capabilities, 2
java.util.concurrent.RejectedExecutionException, 2
java.awt.Color[][], 2
org.xml.sax.SAXParseException, 2
java.util.Collections, 2
javax.sql.rowset.spi.SyncResolver, 2
com.sun.jdi.DoubleType, 2
java.util.concurrent.Flow, 2
javax.swing.DefaultBoundedRangeModel, 2
com.sun.source.util.TaskListener[], 2
com.sun.security.auth.NTSidUserPrincipal, 2
java.net.DatagramPacket[], 2
java.util.Iterator[], 2
javax.print.DocFlavor[], 2
jdk.dynalink.linker.GuardingDynamicLinker[], 2
javax.swing.Icon[], 2
javax.xml.crypto.dsig.spec.TransformParameterSpec, 2
org.xml.sax.ext.Locator2Impl, 2
javax.lang.model.type.WildcardType, 2
java.awt.JobAttributes.DefaultSelectionType, 2
org.xml.sax.helpers.ParserAdapter, 2
java.lang.ref.PhantomReference[], 2
java.nio.charset.CodingErrorAction, 2
javax.xml.transform.sax.SAXSource, 2
int[][][][][], 2
javax.swing.JInternalFrame[][], 2
javax.swing.text.html.parser.DTD, 2
jdk.jfr.SettingControl, 2
javax.swing.JComponent[], 2
com.sun.security.auth.NTNumericCredential, 2
javax.swing.border.BevelBorder, 2
com.sun.jdi.CharValue, 2
java.nio.channels.AsynchronousServerSocketChannel, 2
com.sun.jdi.VoidType, 2
java.lang.NoSuchMethodException, 2
javax.swing.UIManager.LookAndFeelInfo, 2
com.sun.jdi.request.MonitorContendedEnterRequest, 2
jdk.jshell.JShell.Subscription, 2
javax.sql.rowset.WebRowSet, 2
javax.sql.rowset.RowSetWarning, 2
com.sun.source.util.DocTreeFactory, 2
javax.sql.RowSetReader, 2
java.awt.image.DataBuffer, 2
java.io.ObjectStreamClass, 2
javax.management.remote.rmi.RMIServer, 2
jdk.dynalink.linker.ConversionComparator[], 2
jdk.jfr.SettingControl[], 2
java.net.DatagramSocket[], 2
java.lang.management.MemoryManagerMXBean[], 2
javax.xml.crypto.XMLStructure, 2
java.util.logging.Filter, 2
javax.sound.sampled.AudioFormat.Encoding, 2
java.awt.event.ActionListener[], 2
com.sun.security.auth.NTDomainPrincipal, 2
javax.swing.SpinnerModel, 2
com.sun.tools.jconsole.JConsolePlugin, 2
java.security.spec.EdECPoint, 2
java.awt.BasicStroke[], 2
javax.management.openmbean.CompositeData[], 2
javax.sql.rowset.RowSetFactory, 2
javax.security.sasl.SaslServer, 2
javax.management.loading.MLet, 2
jdk.jshell.Snippet.SubKind, 2
java.text.FieldPosition, 2
com.sun.jdi.DoubleValue, 2
javax.sql.rowset.CachedRowSet, 2
java.awt.font.LineMetrics, 2
java.security.cert.CertPathValidator, 2
com.sun.security.auth.NTSidGroupPrincipal[], 2
java.util.Map[][], 2
javax.management.remote.JMXPrincipal, 2
com.sun.net.httpserver.HttpPrincipal, 2
javax.smartcardio.ATR, 2
jdk.dynalink.linker.TypeBasedGuardingDynamicLinker[], 2
java.lang.invoke.SwitchPoint[], 2
javax.swing.SpinnerDateModel, 2
java.lang.reflect.Parameter[], 2
com.sun.jdi.IntegerValue, 2
jdk.incubator.vector.DoubleVector, 2
java.awt.dnd.DropTargetDragEvent, 1
java.util.concurrent.atomic.DoubleAccumulator, 1
java.net.Proxy.Type, 1
java.util.zip.GZIPInputStream, 1
java.lang.Deprecated, 1
javax.xml.transform.URIResolver[], 1
java.util.stream.DoubleStream.Builder, 1
javax.swing.JButton[], 1
java.lang.reflect.AccessibleObject, 1
java.util.Observable, 1
java.net.JarURLConnection, 1
java.awt.image.BufferedImageOp[], 1
java.security.Permission[], 1
javax.swing.plaf.TextUI, 1
javax.swing.JFrame[], 1
java.sql.CallableStatement, 1
javax.sound.sampled.BooleanControl, 1
java.lang.reflect.AnnotatedArrayType, 1
java.lang.Integer[][][], 1
javax.swing.RowSorter.SortKey[], 1
javax.swing.BoundedRangeModel, 1
javax.swing.BoundedRangeModel[], 1
javax.script.CompiledScript, 1
javax.swing.TransferHandler, 1
java.security.Provider.Service[], 1
javax.xml.stream.events.EndDocument, 1
java.text.AttributedString[], 1
java.util.concurrent.atomic.AtomicLongFieldUpdater, 1
javax.swing.ListModel, 1
java.io.File[][], 1
java.awt.Taskbar, 1
javax.swing.text.Highlighter, 1
java.util.logging.Handler, 1
java.net.http.HttpRequest.Builder, 1
java.util.ListResourceBundle, 1
java.text.DateFormatSymbols, 1
javax.xml.crypto.dsig.spec.XPathFilterParameterSpec, 1
java.util.logging.SimpleFormatter, 1
java.lang.Integer[][], 1
java.lang.management.MemoryManagerMXBean, 1
java.awt.ComponentOrientation, 1
java.nio.file.DirectoryStream.Filter[], 1
javax.sql.XAConnection, 1
com.sun.management.UnixOperatingSystemMXBean, 1
java.util.concurrent.atomic.AtomicStampedReference, 1
javax.xml.crypto.AlgorithmMethod, 1
javax.management.openmbean.ArrayType, 1
javax.lang.model.element.Element[], 1
java.awt.image.ComponentSampleModel, 1
java.util.concurrent.BlockingQueue[], 1
java.lang.annotation.Annotation[][], 1
java.lang.CharSequence[], 1
java.lang.management.MemoryType, 1
java.util.LinkedList[], 1
java.lang.InheritableThreadLocal, 1
javax.swing.JComboBox[], 1
java.nio.Buffer, 1
java.nio.file.attribute.PosixFileAttributes[], 1
java.util.function.LongToDoubleFunction, 1
java.lang.reflect.RecordComponent[], 1
java.lang.ModuleLayer.Controller, 1
javax.swing.plaf.ProgressBarUI, 1
javax.swing.event.ListDataListener[], 1
java.time.LocalDateTime[][], 1
java.util.IntSummaryStatistics, 1
java.nio.file.Watchable, 1
javax.xml.stream.events.StartDocument, 1
java.time.chrono.HijrahDate[][], 1
java.awt.image.MemoryImageSource, 1
java.lang.reflect.AnnotatedTypeVariable, 1
javax.swing.text.html.StyleSheet, 1
javax.xml.transform.TransformerException, 1
java.awt.geom.Rectangle2D[], 1
javax.swing.text.Highlighter.HighlightPainter, 1
javax.swing.JTextField[], 1
java.nio.file.DirectoryStream, 1
java.awt.color.ICC_ColorSpace, 1
com.sun.tools.attach.VirtualMachineDescriptor, 1
java.util.concurrent.atomic.AtomicReference[], 1
javax.xml.crypto.dsig.dom.DOMValidateContext, 1
java.lang.IllegalStateException, 1
java.util.Queue[], 1
javax.xml.crypto.dsig.XMLSignature.SignatureValue, 1
java.lang.IllegalArgumentException, 1
java.util.concurrent.Semaphore[], 1
javax.swing.Renderer, 1
java.lang.InterruptedException, 1
java.sql.DatabaseMetaData, 1
javax.swing.text.html.HTMLEditorKit, 1
java.util.HashMap[], 1
java.util.stream.IntStream.Builder, 1
java.util.regex.Matcher[], 1
javax.swing.undo.CompoundEdit, 1
java.awt.SplashScreen, 1
java.util.StringJoiner, 1
javax.transaction.xa.XAResource, 1
java.util.logging.MemoryHandler, 1
javax.swing.RowSorter.SortKey, 1
java.beans.ConstructorProperties, 1
java.util.SortedMap[], 1
javax.xml.transform.dom.DOMResult, 1
java.time.temporal.ValueRange, 1
java.net.InetSocketAddress[], 1
java.util.concurrent.CompletionService, 1
java.util.concurrent.atomic.LongAdder[], 1
org.w3c.dom.traversal.NodeIterator, 1
java.io.Serializable[], 1
jdk.incubator.foreign.CLinker, 1
java.awt.dnd.DropTargetDropEvent, 1
java.io.FilterOutputStream, 1
java.lang.reflect.InvocationTargetException, 1
java.util.concurrent.ConcurrentSkipListMap, 1
